USE worldcup;

#
# Dumping data for table 'PlayerPositions'
#

INSERT INTO PlayerPositions (Id, Position) VALUES (1, 'Goalkeeper');
INSERT INTO PlayerPositions (Id, Position) VALUES (2, 'Defender');
INSERT INTO PlayerPositions (Id, Position) VALUES (3, 'Midfielder');
INSERT INTO PlayerPositions (Id, Position) VALUES (4, 'Attacker');
# 4 records

#
# Dumping data for table 'StaffPostions'
#

INSERT INTO StaffPositions (Id, Position) VALUES (1, 'Head Coach');
INSERT INTO StaffPositions (Id, Position) VALUES (2, 'Assistant Coach');
INSERT INTO StaffPositions (Id, Position) VALUES (3, 'Physio');
# 3 records

#
# Dumping data for table 'Rounds'
#

INSERT INTO Rounds (Id, RoundName) VALUES (1, 'Group stage');
INSERT INTO Rounds (Id, RoundName) VALUES (2, 'Round of 16');
INSERT INTO Rounds (Id, RoundName) VALUES (3, 'Quarter-finals');
INSERT INTO Rounds (Id, RoundName) VALUES (4, 'Semi-finals');
INSERT INTO Rounds (Id, RoundName) VALUES (5, 'Third place playoff');
INSERT INTO Rounds (Id, RoundName) VALUES (6, 'Final');
# 6 records

#
# Dumping data for table 'Stadiums'
#

INSERT INTO Stadiums (Id, StadiumName, City, Capacity) VALUES (1, 'Al Bayt Stadium', 'Al Khor', 68895);
INSERT INTO Stadiums (Id, StadiumName, City, Capacity) VALUES (2, 'Lusail Stadium', 'Lusail', 88966);
INSERT INTO Stadiums (Id, StadiumName, City, Capacity) VALUES (3, 'Ahmad bin Ali Stadium', 'Al Rayyan', 45032);
INSERT INTO Stadiums (Id, StadiumName, City, Capacity) VALUES (4, 'Education City Stadium', 'Al Rayyan', 44667);
INSERT INTO Stadiums (Id, StadiumName, City, Capacity) VALUES (5, 'Khalifa International Stadium', 'Al Rayyan', 45857);
INSERT INTO Stadiums (Id, StadiumName, City, Capacity) VALUES (6, 'Al Thumama Stadium', 'Doha', 44400);
INSERT INTO Stadiums (Id, StadiumName, City, Capacity) VALUES (7, 'Stadium 974', 'Doha', 44089);
INSERT INTO Stadiums (Id, StadiumName, City, Capacity) VALUES (8, 'Al Janoub Stadium', 'Al Wakrah', 44325);
# 8 records

#
# Dumping data for table 'TeamGroups'
#

INSERT INTO TeamGroups (Id, GroupName) VALUES (1, 'A');
INSERT INTO TeamGroups (Id, GroupName) VALUES (2, 'B');
INSERT INTO TeamGroups (Id, GroupName) VALUES (3, 'C');
INSERT INTO TeamGroups (Id, GroupName) VALUES (4, 'D');
INSERT INTO TeamGroups (Id, GroupName) VALUES (5, 'E');
INSERT INTO TeamGroups (Id, GroupName) VALUES (6, 'F');
INSERT INTO TeamGroups (Id, GroupName) VALUES (7, 'G');
INSERT INTO TeamGroups (Id, GroupName) VALUES (8, 'H');
# 8 records

#
# Dumping data for table 'Teams'
#

INSERT INTO Teams (Id, TeamName, GroupId) VALUES (1, 'Netherlands', 1);
INSERT INTO Teams (Id, TeamName, GroupId) VALUES (2, 'Senegal', 1);
INSERT INTO Teams (Id, TeamName, GroupId) VALUES (3, 'Ecuador', 1);
INSERT INTO Teams (Id, TeamName, GroupId) VALUES (4, 'Qatar', 1);
INSERT INTO Teams (Id, TeamName, GroupId) VALUES (5, 'England', 2);
INSERT INTO Teams (Id, TeamName, GroupId) VALUES (6, 'United States', 2);
INSERT INTO Teams (Id, TeamName, GroupId) VALUES (7, 'Iran', 2);
INSERT INTO Teams (Id, TeamName, GroupId) VALUES (8, 'Wales', 2);
INSERT INTO Teams (Id, TeamName, GroupId) VALUES (9, 'Argentina', 3);
INSERT INTO Teams (Id, TeamName, GroupId) VALUES (10, 'Poland', 3);
INSERT INTO Teams (Id, TeamName, GroupId) VALUES (11, 'Mexico', 3);
INSERT INTO Teams (Id, TeamName, GroupId) VALUES (12, 'Saudi Arabia', 3);
INSERT INTO Teams (Id, TeamName, GroupId) VALUES (13, 'France', 4);
INSERT INTO Teams (Id, TeamName, GroupId) VALUES (14, 'Australia', 4);
INSERT INTO Teams (Id, TeamName, GroupId) VALUES (15, 'Tunisia', 4);
INSERT INTO Teams (Id, TeamName, GroupId) VALUES (16, 'Denmark', 4);
INSERT INTO Teams (Id, TeamName, GroupId) VALUES (17, 'Japan', 5);
INSERT INTO Teams (Id, TeamName, GroupId) VALUES (18, 'Spain', 5);
INSERT INTO Teams (Id, TeamName, GroupId) VALUES (19, 'Germany', 5);
INSERT INTO Teams (Id, TeamName, GroupId) VALUES (20, 'Costa Rica', 5);
INSERT INTO Teams (Id, TeamName, GroupId) VALUES (21, 'Morocco', 6);
INSERT INTO Teams (Id, TeamName, GroupId) VALUES (22, 'Croatia', 6);
INSERT INTO Teams (Id, TeamName, GroupId) VALUES (23, 'Belgium', 6);
INSERT INTO Teams (Id, TeamName, GroupId) VALUES (24, 'Canada', 6);
INSERT INTO Teams (Id, TeamName, GroupId) VALUES (25, 'Brazil', 7);
INSERT INTO Teams (Id, TeamName, GroupId) VALUES (26, 'Switzerland', 7);
INSERT INTO Teams (Id, TeamName, GroupId) VALUES (27, 'Cameroon', 7);
INSERT INTO Teams (Id, TeamName, GroupId) VALUES (28, 'Serbia', 7);
INSERT INTO Teams (Id, TeamName, GroupId) VALUES (29, 'Portugal', 8);
INSERT INTO Teams (Id, TeamName, GroupId) VALUES (30, 'South Korea', 8);
INSERT INTO Teams (Id, TeamName, GroupId) VALUES (31, 'Uruguay', 8);
INSERT INTO Teams (Id, TeamName, GroupId) VALUES (32, 'Ghana', 8);
# 32 records

#
# Dumping data for table 'Referees'
#

INSERT INTO Referees (Id, FirstName, LastName, Nationality) VALUES (1, 'Abdulrahman', 'Al-Jassim', 'Qatar');
INSERT INTO Referees (Id, FirstName, LastName, Nationality) VALUES (2, 'Chris', 'Beath', 'Australia');
INSERT INTO Referees (Id, FirstName, LastName, Nationality) VALUES (3, 'Alireza', 'Faghani', 'Iran');
INSERT INTO Referees (Id, FirstName, LastName, Nationality) VALUES (4, 'Ma', 'Ning', 'China');
INSERT INTO Referees (Id, FirstName, LastName, Nationality) VALUES (5, 'Hassan', 'Mohamed', 'United Arab Emirates');
INSERT INTO Referees (Id, FirstName, LastName, Nationality) VALUES (6, 'Yoshimi', 'Yamashita', 'Japan');
INSERT INTO Referees (Id, FirstName, LastName, Nationality) VALUES (7, 'Bakary', 'Gassama', 'Gambia');
INSERT INTO Referees (Id, FirstName, LastName, Nationality) VALUES (8, 'Mustapha', 'Ghorbal', 'Algeria');
INSERT INTO Referees (Id, FirstName, LastName, Nationality) VALUES (9, 'Victor', 'Gomes', 'South Africa');
INSERT INTO Referees (Id, FirstName, LastName, Nationality) VALUES (10, 'Maguette', 'Ndiaye', 'Senegal');
INSERT INTO Referees (Id, FirstName, LastName, Nationality) VALUES (11, 'Janny', 'Sikazwe', 'Zambia');
INSERT INTO Referees (Id, FirstName, LastName, Nationality) VALUES (12, 'Salima', 'Mukansanga', 'Rwanda');
INSERT INTO Referees (Id, FirstName, LastName, Nationality) VALUES (13, 'Ivan', 'Barton', 'El Salvador');
INSERT INTO Referees (Id, FirstName, LastName, Nationality) VALUES (14, 'Ismail', 'Elfath', 'United States');
INSERT INTO Referees (Id, FirstName, LastName, Nationality) VALUES (15, 'Mario', 'Escobar', 'Guatemala');
INSERT INTO Referees (Id, FirstName, LastName, Nationality) VALUES (16, 'Said', 'Martinez', 'Honduras');
INSERT INTO Referees (Id, FirstName, LastName, Nationality) VALUES (17, 'Arturo', 'Ramos', 'Mexico');
INSERT INTO Referees (Id, FirstName, LastName, Nationality) VALUES (18, 'Raphael', 'Claus', 'Brazil');
INSERT INTO Referees (Id, FirstName, LastName, Nationality) VALUES (19, 'Andres', 'Matonte', 'Uruguay');
INSERT INTO Referees (Id, FirstName, LastName, Nationality) VALUES (20, 'Kevin', 'Ortega', 'Peru');
INSERT INTO Referees (Id, FirstName, LastName, Nationality) VALUES (21, 'Fernando', 'Rapallini', 'Argentina');
INSERT INTO Referees (Id, FirstName, LastName, Nationality) VALUES (22, 'Facundo', 'Tello', 'Argentina');
INSERT INTO Referees (Id, FirstName, LastName, Nationality) VALUES (23, 'Jesus', 'Valenzuela', 'Venezuela');
INSERT INTO Referees (Id, FirstName, LastName, Nationality) VALUES (24, 'Wilton', 'Sampaio', 'Brazil');
INSERT INTO Referees (Id, FirstName, LastName, Nationality) VALUES (25, 'Matthew', 'Conger', 'New Zealand');
INSERT INTO Referees (Id, FirstName, LastName, Nationality) VALUES (26, 'Istvan', 'Kovacs', 'Romania');
INSERT INTO Referees (Id, FirstName, LastName, Nationality) VALUES (27, 'Danny', 'Makkelie', 'Netherlands');
INSERT INTO Referees (Id, FirstName, LastName, Nationality) VALUES (28, 'Szymon', 'Marciniak', 'Poland');
INSERT INTO Referees (Id, FirstName, LastName, Nationality) VALUES (29, 'Mateu', 'Lahoz', 'Spain');
INSERT INTO Referees (Id, FirstName, LastName, Nationality) VALUES (30, 'Michael', 'Oliver', 'England');
INSERT INTO Referees (Id, FirstName, LastName, Nationality) VALUES (31, 'Danielle', 'Orsato', 'Italy');
INSERT INTO Referees (Id, FirstName, LastName, Nationality) VALUES (32, 'Daniel', 'Siebert', 'Germany');
INSERT INTO Referees (Id, FirstName, LastName, Nationality) VALUES (33, 'Anthony', 'Taylor', 'England');
INSERT INTO Referees (Id, FirstName, LastName, Nationality) VALUES (34, 'Clement', 'Turpin', 'France');
INSERT INTO Referees (Id, FirstName, LastName, Nationality) VALUES (35, 'Slavko', 'Vincic', 'Slovenia');
INSERT INTO Referees (Id, FirstName, LastName, Nationality) VALUES (36, 'Stephanie', 'Frappart', 'France');
# 36 records

#
# Dumping data for table 'Matches'
#
INSERT INTO Matches (Id, HomeTeamId, AwayTeamId, StadiumId, RefereeId, RoundId, MatchDate, Attendance) VALUES (1, 4, 3, 1, 31, 1, '2022-11-20', 67372);
INSERT INTO Matches (Id, HomeTeamId, AwayTeamId, StadiumId, RefereeId, RoundId, MatchDate, Attendance) VALUES (2, 2, 1, 6, 24, 1, '2022-11-21', 41721);
INSERT INTO Matches (Id, HomeTeamId, AwayTeamId, StadiumId, RefereeId, RoundId, MatchDate, Attendance) VALUES (3, 4, 2, 6, 29, 1, '2022-11-25', 41797);
INSERT INTO Matches (Id, HomeTeamId, AwayTeamId, StadiumId, RefereeId, RoundId, MatchDate, Attendance) VALUES (4, 1, 3, 5, 8, 1, '2022-11-25', 44833);
INSERT INTO Matches (Id, HomeTeamId, AwayTeamId, StadiumId, RefereeId, RoundId, MatchDate, Attendance) VALUES (5, 3, 2, 5, 34, 1, '2022-11-29', 44569);
INSERT INTO Matches (Id, HomeTeamId, AwayTeamId, StadiumId, RefereeId, RoundId, MatchDate, Attendance) VALUES (6, 1, 4, 1, 7, 1, '2022-11-29', 66784);
INSERT INTO Matches (Id, HomeTeamId, AwayTeamId, StadiumId, RefereeId, RoundId, MatchDate, Attendance) VALUES (7, 5, 7, 5, 18, 1, '2022-11-21', 45334);
INSERT INTO Matches (Id, HomeTeamId, AwayTeamId, StadiumId, RefereeId, RoundId, MatchDate, Attendance) VALUES (8, 6, 8, 3, 1, 1, '2022-11-21', 43418);
INSERT INTO Matches (Id, HomeTeamId, AwayTeamId, StadiumId, RefereeId, RoundId, MatchDate, Attendance) VALUES (9, 8, 7, 3, 15, 1, '2022-11-25', 40875);
INSERT INTO Matches (Id, HomeTeamId, AwayTeamId, StadiumId, RefereeId, RoundId, MatchDate, Attendance) VALUES (10, 5, 6, 1, 23, 1, '2022-11-25', 68463);
INSERT INTO Matches (Id, HomeTeamId, AwayTeamId, StadiumId, RefereeId, RoundId, MatchDate, Attendance) VALUES (11, 8, 5, 3, 35, 1, '2022-11-29', 44297);
INSERT INTO Matches (Id, HomeTeamId, AwayTeamId, StadiumId, RefereeId, RoundId, MatchDate, Attendance) VALUES (12, 7, 6, 6, 29, 1, '2022-11-29', 42127);
INSERT INTO Matches (Id, HomeTeamId, AwayTeamId, StadiumId, RefereeId, RoundId, MatchDate, Attendance) VALUES (13, 9, 12, 2, 35, 1, '2022-11-22', 88012);
INSERT INTO Matches (Id, HomeTeamId, AwayTeamId, StadiumId, RefereeId, RoundId, MatchDate, Attendance) VALUES (14, 11, 10, 7, 2, 1, '2022-11-22', 39369);
INSERT INTO Matches (Id, HomeTeamId, AwayTeamId, StadiumId, RefereeId, RoundId, MatchDate, Attendance) VALUES (15, 10, 12, 4, 24, 1, '2022-11-26', 44259);
INSERT INTO Matches (Id, HomeTeamId, AwayTeamId, StadiumId, RefereeId, RoundId, MatchDate, Attendance) VALUES (16, 9, 11, 2, 31, 1, '2022-11-26', 88966);
INSERT INTO Matches (Id, HomeTeamId, AwayTeamId, StadiumId, RefereeId, RoundId, MatchDate, Attendance) VALUES (17, 10, 9, 7, 27, 1, '2022-11-30', 44089);
INSERT INTO Matches (Id, HomeTeamId, AwayTeamId, StadiumId, RefereeId, RoundId, MatchDate, Attendance) VALUES (18, 12, 11, 2, 30, 1, '2022-11-30', 84985);	
INSERT INTO Matches (Id, HomeTeamId, AwayTeamId, StadiumId, RefereeId, RoundId, MatchDate, Attendance) VALUES (19, 16, 15, 4, 17, 1, '2022-11-22', 42925);
INSERT INTO Matches (Id, HomeTeamId, AwayTeamId, StadiumId, RefereeId, RoundId, MatchDate, Attendance) VALUES (20, 13, 14, 8, 9, 1, '2022-11-22', 40875);
INSERT INTO Matches (Id, HomeTeamId, AwayTeamId, StadiumId, RefereeId, RoundId, MatchDate, Attendance) VALUES (21, 15, 14, 8, 32, 1, '2022-11-26', 41823);
INSERT INTO Matches (Id, HomeTeamId, AwayTeamId, StadiumId, RefereeId, RoundId, MatchDate, Attendance) VALUES (22, 13, 16, 7, 28, 1, '2022-11-26', 42860);
INSERT INTO Matches (Id, HomeTeamId, AwayTeamId, StadiumId, RefereeId, RoundId, MatchDate, Attendance) VALUES (23, 14, 16, 8, 8, 1, '2022-11-30', 41232);
INSERT INTO Matches (Id, HomeTeamId, AwayTeamId, StadiumId, RefereeId, RoundId, MatchDate, Attendance) VALUES (24, 15, 13, 4, 25, 1, '2022-11-30', 43627);
INSERT INTO Matches (Id, HomeTeamId, AwayTeamId, StadiumId, RefereeId, RoundId, MatchDate, Attendance) VALUES (25, 19, 17, 5, 13, 1, '2022-11-23', 42608);
INSERT INTO Matches (Id, HomeTeamId, AwayTeamId, StadiumId, RefereeId, RoundId, MatchDate, Attendance) VALUES (26, 18, 20, 6, 5, 1, '2022-11-23', 40013);
INSERT INTO Matches (Id, HomeTeamId, AwayTeamId, StadiumId, RefereeId, RoundId, MatchDate, Attendance) VALUES (27, 17, 20, 3, 30, 1, '2022-11-27', 41479);
INSERT INTO Matches (Id, HomeTeamId, AwayTeamId, StadiumId, RefereeId, RoundId, MatchDate, Attendance) VALUES (28, 18, 19, 1, 27, 1, '2022-11-27', 68895);
INSERT INTO Matches (Id, HomeTeamId, AwayTeamId, StadiumId, RefereeId, RoundId, MatchDate, Attendance) VALUES (29, 17, 18, 5, 9, 1, '2022-12-1', 44851);
INSERT INTO Matches (Id, HomeTeamId, AwayTeamId, StadiumId, RefereeId, RoundId, MatchDate, Attendance) VALUES (30, 20, 19, 1, 36, 1, '2022-12-1', 67054);
INSERT INTO Matches (Id, HomeTeamId, AwayTeamId, StadiumId, RefereeId, RoundId, MatchDate, Attendance) VALUES (31, 21, 22, 1, 21, 1, '2022-11-23', 59407);
INSERT INTO Matches (Id, HomeTeamId, AwayTeamId, StadiumId, RefereeId, RoundId, MatchDate, Attendance) VALUES (32, 23, 24, 3, 11, 1, '2022-11-23', 40432);
INSERT INTO Matches (Id, HomeTeamId, AwayTeamId, StadiumId, RefereeId, RoundId, MatchDate, Attendance) VALUES (33, 23, 21, 6, 17, 1, '2022-11-27', 43738);
INSERT INTO Matches (Id, HomeTeamId, AwayTeamId, StadiumId, RefereeId, RoundId, MatchDate, Attendance) VALUES (34, 22, 24, 5, 19, 1, '2022-11-27', 44374);
INSERT INTO Matches (Id, HomeTeamId, AwayTeamId, StadiumId, RefereeId, RoundId, MatchDate, Attendance) VALUES (35, 22, 23, 3, 33, 1, '2022-12-1', 43984);
INSERT INTO Matches (Id, HomeTeamId, AwayTeamId, StadiumId, RefereeId, RoundId, MatchDate, Attendance) VALUES (36, 24, 21, 6, 18, 1, '2022-12-1', 43102);
INSERT INTO Matches (Id, HomeTeamId, AwayTeamId, StadiumId, RefereeId, RoundId, MatchDate, Attendance) VALUES (37, 26, 27, 8, 22, 1, '2022-11-24', 39089);
INSERT INTO Matches (Id, HomeTeamId, AwayTeamId, StadiumId, RefereeId, RoundId, MatchDate, Attendance) VALUES (38, 25, 28, 2, 3, 1, '2022-11-24', 88103);
INSERT INTO Matches (Id, HomeTeamId, AwayTeamId, StadiumId, RefereeId, RoundId, MatchDate, Attendance) VALUES (39, 27, 28, 8, 5, 1, '2022-11-28', 39789);
INSERT INTO Matches (Id, HomeTeamId, AwayTeamId, StadiumId, RefereeId, RoundId, MatchDate, Attendance) VALUES (40, 25, 26, 7, 13, 1, '2022-11-28', 43649);
INSERT INTO Matches (Id, HomeTeamId, AwayTeamId, StadiumId, RefereeId, RoundId, MatchDate, Attendance) VALUES (41, 28, 26, 7, 21, 1, '2022-12-2', 41378);
INSERT INTO Matches (Id, HomeTeamId, AwayTeamId, StadiumId, RefereeId, RoundId, MatchDate, Attendance) VALUES (42, 27, 25, 2, 14, 1, '2022-12-2', 85986);
INSERT INTO Matches (Id, HomeTeamId, AwayTeamId, StadiumId, RefereeId, RoundId, MatchDate, Attendance) VALUES (43, 31, 30, 4, 34, 1, '2022-11-24', 41663);
INSERT INTO Matches (Id, HomeTeamId, AwayTeamId, StadiumId, RefereeId, RoundId, MatchDate, Attendance) VALUES (44, 29, 32, 7, 14, 1, '2022-11-24', 42662);
INSERT INTO Matches (Id, HomeTeamId, AwayTeamId, StadiumId, RefereeId, RoundId, MatchDate, Attendance) VALUES (45, 30, 32, 4, 33, 1, '2022-11-28', 43983);
INSERT INTO Matches (Id, HomeTeamId, AwayTeamId, StadiumId, RefereeId, RoundId, MatchDate, Attendance) VALUES (46, 29, 31, 2, 3, 1, '2022-11-28', 88668);
INSERT INTO Matches (Id, HomeTeamId, AwayTeamId, StadiumId, RefereeId, RoundId, MatchDate, Attendance) VALUES (47, 32, 31, 8, 32, 1, '2022-12-2', 43443);
INSERT INTO Matches (Id, HomeTeamId, AwayTeamId, StadiumId, RefereeId, RoundId, MatchDate, Attendance) VALUES (48, 30, 29, 4, 22, 1, '2022-12-2', 44097);
INSERT INTO Matches (Id, HomeTeamId, AwayTeamId, StadiumId, RefereeId, RoundId, MatchDate, Attendance) VALUES (49, 1, 6, 5, 24, 2, '2022-12-3', 44846);
INSERT INTO Matches (Id, HomeTeamId, AwayTeamId, StadiumId, RefereeId, RoundId, MatchDate, Attendance) VALUES (50, 9, 14, 3, 28, 2, '2022-12-3', 45032);
INSERT INTO Matches (Id, HomeTeamId, AwayTeamId, StadiumId, RefereeId, RoundId, MatchDate, Attendance) VALUES (51, 13, 10, 6, 23, 2, '2022-12-4', 40989);
INSERT INTO Matches (Id, HomeTeamId, AwayTeamId, StadiumId, RefereeId, RoundId, MatchDate, Attendance) VALUES (52, 5, 2, 1, 13, 2, '2022-12-4', 65985);
INSERT INTO Matches (Id, HomeTeamId, AwayTeamId, StadiumId, RefereeId, RoundId, MatchDate, Attendance) VALUES (53, 17, 22, 8, 14, 2, '2022-12-5', 42523);
INSERT INTO Matches (Id, HomeTeamId, AwayTeamId, StadiumId, RefereeId, RoundId, MatchDate, Attendance) VALUES (54, 25, 30, 7, 34, 2, '2022-12-5', 43847);
INSERT INTO Matches (Id, HomeTeamId, AwayTeamId, StadiumId, RefereeId, RoundId, MatchDate, Attendance) VALUES (55, 21, 18, 4, 21, 2, '2022-12-6', 44667);
INSERT INTO Matches (Id, HomeTeamId, AwayTeamId, StadiumId, RefereeId, RoundId, MatchDate, Attendance) VALUES (56, 29, 26, 2, 17, 2, '2022-12-6', 83720);
INSERT INTO Matches (Id, HomeTeamId, AwayTeamId, StadiumId, RefereeId, RoundId, MatchDate, Attendance) VALUES (57, 22, 25, 4, 30, 3, '2022-12-9', 43893);
INSERT INTO Matches (Id, HomeTeamId, AwayTeamId, StadiumId, RefereeId, RoundId, MatchDate, Attendance) VALUES (58, 1, 9, 2, 29, 3, '2022-12-9', 88235);
INSERT INTO Matches (Id, HomeTeamId, AwayTeamId, StadiumId, RefereeId, RoundId, MatchDate, Attendance) VALUES (59, 21, 29, 6, 22, 3, '2022-12-10', 44198);
INSERT INTO Matches (Id, HomeTeamId, AwayTeamId, StadiumId, RefereeId, RoundId, MatchDate, Attendance) VALUES (60, 5, 13, 1, 24, 3, '2022-12-10', 68895);
INSERT INTO Matches (Id, HomeTeamId, AwayTeamId, StadiumId, RefereeId, RoundId, MatchDate, Attendance) VALUES (61, 9, 22, 2, 31, 4, '2022-12-13', 88966);
INSERT INTO Matches (Id, HomeTeamId, AwayTeamId, StadiumId, RefereeId, RoundId, MatchDate, Attendance) VALUES (62, 13, 21, 1, 17, 4, '2022-12-14', 68294);
INSERT INTO Matches (Id, HomeTeamId, AwayTeamId, StadiumId, RefereeId, RoundId, MatchDate, Attendance) VALUES (63, 22, 21, 5, 1, 5, '2022-12-17', 44137);
INSERT INTO Matches (Id, HomeTeamId, AwayTeamId, StadiumId, RefereeId, RoundId, MatchDate, Attendance) VALUES (64, 9, 13, 2, 28, 6, '2022-12-18', 88966);
# 64 records

#
# Dumping data for table 'Players'
#
INSERT INTO Players (Id, FirstName, LastName, Age, Height, Weight, PositionId, ShirtNumber, TeamId) VALUES (1, 'Cody', 'Gakpo', 24, 193, 76, 4, 8, 1);
INSERT INTO Players (Id, FirstName, LastName, Age, Height, Weight, PositionId, ShirtNumber, TeamId) VALUES (2, 'Davy', 'Klaassen', 30, 179, 70, 3, 14, 1);
INSERT INTO Players (Id, FirstName, LastName, Age, Height, Weight, PositionId, ShirtNumber, TeamId) VALUES (3, 'Frenkie', 'de Jong', 26, 181, 74, 3, 21, 1);
INSERT INTO Players (Id, FirstName, LastName, Age, Height, Weight, PositionId, ShirtNumber, TeamId) VALUES (4, 'Memphis', 'Depay', 29, 178, 78, 4, 10, 1);
INSERT INTO Players (Id, FirstName, LastName, Age, Height, Weight, PositionId, ShirtNumber, TeamId) VALUES (5, 'Denzel', 'Dumfries', 27, 188, 80, 2, 22, 1);
INSERT INTO Players (Id, FirstName, LastName, Age, Height, Weight, PositionId, ShirtNumber, TeamId) VALUES (6, 'Daley', 'Blind', 33, 180, 72, 2, 17, 1);
INSERT INTO Players (Id, FirstName, LastName, Age, Height, Weight, PositionId, ShirtNumber, TeamId) VALUES (7, 'Andries', 'Noppert', 29, 203, 94, 1, 23, 1);
INSERT INTO Players (Id, FirstName, LastName, Age, Height, Weight, PositionId, ShirtNumber, TeamId) VALUES (8, 'Jurrien', 'Timber', 22, 179, 79, 2, 2, 1);
INSERT INTO Players (Id, FirstName, LastName, Age, Height, Weight, PositionId, ShirtNumber, TeamId) VALUES (9, 'Steven', 'Bergwijn', 26, 175, 78, 4, 7, 1);
INSERT INTO Players (Id, FirstName, LastName, Age, Height, Weight, PositionId, ShirtNumber, TeamId) VALUES (10, 'Wout', 'Weghorst', 31, 197, 84, 4, 19, 1);
INSERT INTO Players (Id, FirstName, LastName, Age, Height, Weight, PositionId, ShirtNumber, TeamId) VALUES (11, 'Luuk', 'de Jong', 33, 188, 86, 4, 9, 1);
INSERT INTO Players (Id, FirstName, LastName, Age, Height, Weight, PositionId, ShirtNumber, TeamId) VALUES (12, 'Teun', 'Koopmeiners', 25, 184, 77, 3, 20, 1);
INSERT INTO Players (Id, FirstName, LastName, Age, Height, Weight, PositionId, ShirtNumber, TeamId) VALUES (13, 'Famara', 'Diedhiou', 30, 192, 80, 4, 19, 2);
INSERT INTO Players (Id, FirstName, LastName, Age, Height, Weight, PositionId, ShirtNumber, TeamId) VALUES (14, 'Boulaye', 'Dia', 27, 180, 75, 4, 9, 2);
INSERT INTO Players (Id, FirstName, LastName, Age, Height, Weight, PositionId, ShirtNumber, TeamId) VALUES (15, 'Edouard', 'Mendy', 31, 194, 86, 1, 16, 2);
INSERT INTO Players (Id, FirstName, LastName, Age, Height, Weight, PositionId, ShirtNumber, TeamId) VALUES (16, 'Bamba', 'Dieng', 23, 178, 72, 4, 20, 2);
INSERT INTO Players (Id, FirstName, LastName, Age, Height, Weight, PositionId, ShirtNumber, TeamId) VALUES (17, 'Ismaila', 'Sarr', 25, 185, 76, 4, 18, 2);
INSERT INTO Players (Id, FirstName, LastName, Age, Height, Weight, PositionId, ShirtNumber, TeamId) VALUES (18, 'Kalidou', 'Koulibaly', 32, 195, 89, 2, 3, 2);
INSERT INTO Players (Id, FirstName, LastName, Age, Height, Weight, PositionId, ShirtNumber, TeamId) VALUES (19, 'Hernan', 'Galindez', 36, 189, 90, 1, 1, 3);
INSERT INTO Players (Id, FirstName, LastName, Age, Height, Weight, PositionId, ShirtNumber, TeamId) VALUES (20, 'Moises', 'Caicedo', 22, 178, 73, 3, 23, 3);
INSERT INTO Players (Id, FirstName, LastName, Age, Height, Weight, PositionId, ShirtNumber, TeamId) VALUES (21, 'Enner', 'Valencia', 34, 177, 74, 4, 13, 3);
INSERT INTO Players (Id, FirstName, LastName, Age, Height, Weight, PositionId, ShirtNumber, TeamId) VALUES (22, 'Meshaal', 'Barsham', 25, 180, 66, 1, 22, 4);
INSERT INTO Players (Id, FirstName, LastName, Age, Height, Weight, PositionId, ShirtNumber, TeamId) VALUES (23, 'Mohammed', 'Muntari', 29, 192, 77, 4, 9, 4);
INSERT INTO Players (Id, FirstName, LastName, Age, Height, Weight, PositionId, ShirtNumber, TeamId) VALUES (24, 'Jordan', 'Pickford', 29, 185, 82, 1, 1, 5);
INSERT INTO Players (Id, FirstName, LastName, Age, Height, Weight, PositionId, ShirtNumber, TeamId) VALUES (25, 'Raheem', 'Sterling', 28, 172, 69, 4, 10, 5);
INSERT INTO Players (Id, FirstName, LastName, Age, Height, Weight, PositionId, ShirtNumber, TeamId) VALUES (26, 'Bukayo', 'Saka', 22, 178, 72, 4, 17, 5);
INSERT INTO Players (Id, FirstName, LastName, Age, Height, Weight, PositionId, ShirtNumber, TeamId) VALUES (27, 'Jude', 'Bellingham', 20, 186, 75, 3, 22, 5);
INSERT INTO Players (Id, FirstName, LastName, Age, Height, Weight, PositionId, ShirtNumber, TeamId) VALUES (28, 'Marcus', 'Rashford', 26, 180, 70, 4, 11, 5);
INSERT INTO Players (Id, FirstName, LastName, Age, Height, Weight, PositionId, ShirtNumber, TeamId) VALUES (29, 'Jack', 'Grealish', 28, 175, 76, 3, 7, 5);
INSERT INTO Players (Id, FirstName, LastName, Age, Height, Weight, PositionId, ShirtNumber, TeamId) VALUES (30, 'Phil', 'Foden', 23, 171, 70, 3, 20, 5);
INSERT INTO Players (Id, FirstName, LastName, Age, Height, Weight, PositionId, ShirtNumber, TeamId) VALUES (31, 'Jordan', 'Henderson', 33, 182, 78, 3, 8, 5);
INSERT INTO Players (Id, FirstName, LastName, Age, Height, Weight, PositionId, ShirtNumber, TeamId) VALUES (32, 'Harry', 'Kane', 30, 188, 86, 4, 9, 5);
INSERT INTO Players (Id, FirstName, LastName, Age, Height, Weight, PositionId, ShirtNumber, TeamId) VALUES (33, 'Harry', 'Maguire', 30, 194, 90, 2, 6, 5);
INSERT INTO Players (Id, FirstName, LastName, Age, Height, Weight, PositionId, ShirtNumber, TeamId) VALUES (34, 'Matt', 'Turner', 29, 191, 84, 1, 1, 6);
INSERT INTO Players (Id, FirstName, LastName, Age, Height, Weight, PositionId, ShirtNumber, TeamId) VALUES (35, 'Tim', 'Weah', 23, 183, 66, 3, 21, 6);
INSERT INTO Players (Id, FirstName, LastName, Age, Height, Weight, PositionId, ShirtNumber, TeamId) VALUES (36, 'Christian', 'Pulisic', 25, 177, 69, 3, 10, 6);
INSERT INTO Players (Id, FirstName, LastName, Age, Height, Weight, PositionId, ShirtNumber, TeamId) VALUES (37, 'Haji', 'Wright', 25, 193, 80, 4, 19, 6);
INSERT INTO Players (Id, FirstName, LastName, Age, Height, Weight, PositionId, ShirtNumber, TeamId) VALUES (38, 'Alireza', 'Beiranvand', 31, 194, 85, 1, 1, 7);
INSERT INTO Players (Id, FirstName, LastName, Age, Height, Weight, PositionId, ShirtNumber, TeamId) VALUES (39, 'Mehdi', 'Taremi', 31, 187, 79, 4, 9, 7);
INSERT INTO Players (Id, FirstName, LastName, Age, Height, Weight, PositionId, ShirtNumber, TeamId) VALUES (40, 'Ramin', 'Rezaeian', 33, 185, 75, 2, 23, 7);
INSERT INTO Players (Id, FirstName, LastName, Age, Height, Weight, PositionId, ShirtNumber, TeamId) VALUES (41, 'Roozbeh', 'Cheshmi', 30, 194, 80, 3, 15, 7);
INSERT INTO Players (Id, FirstName, LastName, Age, Height, Weight, PositionId, ShirtNumber, TeamId) VALUES (42, 'Wayne', 'Hennesssey', 36, 198, 90, 1, 1, 8);
INSERT INTO Players (Id, FirstName, LastName, Age, Height, Weight, PositionId, ShirtNumber, TeamId) VALUES (43, 'Gareth', 'Bale', 34, 186, 81, 4, 11, 8);
INSERT INTO Players (Id, FirstName, LastName, Age, Height, Weight, PositionId, ShirtNumber, TeamId) VALUES (44, 'Emiliano', 'Martinez', 31, 195, 88, 1, 23, 9);
INSERT INTO Players (Id, FirstName, LastName, Age, Height, Weight, PositionId, ShirtNumber, TeamId) VALUES (45, 'Lionel', 'Messi', 36, 170, 72, 4, 10, 9);
INSERT INTO Players (Id, FirstName, LastName, Age, Height, Weight, PositionId, ShirtNumber, TeamId) VALUES (46, 'Enzo', 'Fernandez', 22, 178, 76, 3, 24, 9);
INSERT INTO Players (Id, FirstName, LastName, Age, Height, Weight, PositionId, ShirtNumber, TeamId) VALUES (47, 'Julian', 'Alvarez', 19, 170, 71, 4, 9, 9);
INSERT INTO Players (Id, FirstName, LastName, Age, Height, Weight, PositionId, ShirtNumber, TeamId) VALUES (48, 'Alexis', 'Mac Allister', 24, 176, 69, 3, 20, 9);
INSERT INTO Players (Id, FirstName, LastName, Age, Height, Weight, PositionId, ShirtNumber, TeamId) VALUES (49, 'Marcos', 'Acuna', 34, 172, 69, 2, 8, 9);
INSERT INTO Players (Id, FirstName, LastName, Age, Height, Weight, PositionId, ShirtNumber, TeamId) VALUES (50, 'Lisandro', 'Martinez', 25, 175, 77, 2, 25, 9);
INSERT INTO Players (Id, FirstName, LastName, Age, Height, Weight, PositionId, ShirtNumber, TeamId) VALUES (51, 'Nicolas', 'Otamendi', 30, 183, 81, 2, 19, 9);
INSERT INTO Players (Id, FirstName, LastName, Age, Height, Weight, PositionId, ShirtNumber, TeamId) VALUES (52, 'Cristian', 'Romero', 25, 185, 79, 2, 13, 9);
INSERT INTO Players (Id, FirstName, LastName, Age, Height, Weight, PositionId, ShirtNumber, TeamId) VALUES (53, 'Nahuel', 'Molina', 25, 175, 70, 2, 26, 9);
INSERT INTO Players (Id, FirstName, LastName, Age, Height, Weight, PositionId, ShirtNumber, TeamId) VALUES (54, 'Lautaro', 'Martinez', 26, 174, 72, 4, 22, 9);
INSERT INTO Players (Id, FirstName, LastName, Age, Height, Weight, PositionId, ShirtNumber, TeamId) VALUES (55, 'Leandro', 'Paredes', 29, 182, 75, 3, 5, 9);
INSERT INTO Players (Id, FirstName, LastName, Age, Height, Weight, PositionId, ShirtNumber, TeamId) VALUES (56, 'Gonzalo', 'Montiel', 26, 175, 68, 2, 4, 9);
INSERT INTO Players (Id, FirstName, LastName, Age, Height, Weight, PositionId, ShirtNumber, TeamId) VALUES (57, 'Angel', 'Di Maria', 35, 180, 75, 4, 11, 9);
INSERT INTO Players (Id, FirstName, LastName, Age, Height, Weight, PositionId, ShirtNumber, TeamId) VALUES (58, 'Paulo', 'Dybala', 30, 177, 75, 4, 21, 9);
INSERT INTO Players (Id, FirstName, LastName, Age, Height, Weight, PositionId, ShirtNumber, TeamId) VALUES (59, 'Wojciech', 'Szczesny', 33, 195, 90, 1, 1, 10);
INSERT INTO Players (Id, FirstName, LastName, Age, Height, Weight, PositionId, ShirtNumber, TeamId) VALUES (60, 'Robert', 'Lewandowski', 35, 185, 81, 4, 9, 10);
INSERT INTO Players (Id, FirstName, LastName, Age, Height, Weight, PositionId, ShirtNumber, TeamId) VALUES (61, 'Piotr', 'Zielinski', 29, 180, 76, 3, 20, 10);
INSERT INTO Players (Id, FirstName, LastName, Age, Height, Weight, PositionId, ShirtNumber, TeamId) VALUES (62, 'Bartosz', 'Bereszynski', 31, 183, 77, 2, 18, 10);
INSERT INTO Players (Id, FirstName, LastName, Age, Height, Weight, PositionId, ShirtNumber, TeamId) VALUES (63, 'Matty', 'Cash', 26, 185, 79, 2, 2, 10);
INSERT INTO Players (Id, FirstName, LastName, Age, Height, Weight, PositionId, ShirtNumber, TeamId) VALUES (64, 'Guillermo', 'Ochoa', 38, 190, 85, 1, 13, 11);
INSERT INTO Players (Id, FirstName, LastName, Age, Height, Weight, PositionId, ShirtNumber, TeamId) VALUES (65, 'Henry', 'Martin', 31, 177, 74, 4, 20, 11);
INSERT INTO Players (Id, FirstName, LastName, Age, Height, Weight, PositionId, ShirtNumber, TeamId) VALUES (66, 'Luis', 'Chavez', 27, 178, 72, 3, 24, 11);
INSERT INTO Players (Id, FirstName, LastName, Age, Height, Weight, PositionId, ShirtNumber, TeamId) VALUES (67, 'Mohammed', 'Al-Owais', 32, 185, 75, 1, 21, 12);
INSERT INTO Players (Id, FirstName, LastName, Age, Height, Weight, PositionId, ShirtNumber, TeamId) VALUES (68, 'Saleh', 'Al-Shehri', 30, 183, 77, 4, 11, 12);
INSERT INTO Players (Id, FirstName, LastName, Age, Height, Weight, PositionId, ShirtNumber, TeamId) VALUES (69, 'Salem', 'Al-Dawsari', 32, 173, 71, 3, 10, 12);
INSERT INTO Players (Id, FirstName, LastName, Age, Height, Weight, PositionId, ShirtNumber, TeamId) VALUES (70, 'Hugo', 'Lloris', 36, 188, 82, 1, 1, 13);
INSERT INTO Players (Id, FirstName, LastName, Age, Height, Weight, PositionId, ShirtNumber, TeamId) VALUES (71, 'Olivier', 'Giroud', 37, 193, 91, 4, 9, 13);
INSERT INTO Players (Id, FirstName, LastName, Age, Height, Weight, PositionId, ShirtNumber, TeamId) VALUES (72, 'Kylian', 'Mbappe', 24, 178, 75, 4, 10, 13);
INSERT INTO Players (Id, FirstName, LastName, Age, Height, Weight, PositionId, ShirtNumber, TeamId) VALUES (73, 'Adrien', 'Rabiot', 28, 188, 72, 3, 14, 13);
INSERT INTO Players (Id, FirstName, LastName, Age, Height, Weight, PositionId, ShirtNumber, TeamId) VALUES (74, 'Aurelien', 'Tchouameni', 23, 187, 81, 3, 8, 13);
INSERT INTO Players (Id, FirstName, LastName, Age, Height, Weight, PositionId, ShirtNumber, TeamId) VALUES (75, 'Antoine', 'Griezmann', 32, 176, 73, 4, 7, 13);
INSERT INTO Players (Id, FirstName, LastName, Age, Height, Weight, PositionId, ShirtNumber, TeamId) VALUES (76, 'Ousmane', 'Dembele', 26, 178, 67, 4, 11, 13);
INSERT INTO Players (Id, FirstName, LastName, Age, Height, Weight, PositionId, ShirtNumber, TeamId) VALUES (77, 'Theo', 'Hernandez', 26, 184, 81, 2, 22, 13);
INSERT INTO Players (Id, FirstName, LastName, Age, Height, Weight, PositionId, ShirtNumber, TeamId) VALUES (78, 'Randal', 'Kolo Muani', 25, 187, 73, 4, 12, 13);
INSERT INTO Players (Id, FirstName, LastName, Age, Height, Weight, PositionId, ShirtNumber, TeamId) VALUES (79, 'Mathew', 'Ryan', 31, 184, 80, 1, 1, 14);
INSERT INTO Players (Id, FirstName, LastName, Age, Height, Weight, PositionId, ShirtNumber, TeamId) VALUES (80, 'Craig', 'Goodwin', 31, 180, 72, 4, 23, 14);
INSERT INTO Players (Id, FirstName, LastName, Age, Height, Weight, PositionId, ShirtNumber, TeamId) VALUES (81, 'Mitch', 'Duke', 32, 186, 84, 4, 15, 14);
INSERT INTO Players (Id, FirstName, LastName, Age, Height, Weight, PositionId, ShirtNumber, TeamId) VALUES (82, 'Mathew', 'Leckie', 32, 181, 78, 4, 7, 14);
INSERT INTO Players (Id, FirstName, LastName, Age, Height, Weight, PositionId, ShirtNumber, TeamId) VALUES (83, 'Milos', 'Degenek', 29, 185, 83, 2, 2, 14);
INSERT INTO Players (Id, FirstName, LastName, Age, Height, Weight, PositionId, ShirtNumber, TeamId) VALUES (84, 'Jackson', 'Irvine', 30, 189, 74, 3, 22, 14);
INSERT INTO Players (Id, FirstName, LastName, Age, Height, Weight, PositionId, ShirtNumber, TeamId) VALUES (85, 'Aymen', 'Dahmen', 26, 188, 74, 1, 16, 15);
INSERT INTO Players (Id, FirstName, LastName, Age, Height, Weight, PositionId, ShirtNumber, TeamId) VALUES (86, 'Wahbi', 'Khazri', 32, 176, 80, 4, 10, 15);
INSERT INTO Players (Id, FirstName, LastName, Age, Height, Weight, PositionId, ShirtNumber, TeamId) VALUES (87, 'Kasper', 'Schmeichel', 37, 189, 88, 1, 1, 16);
INSERT INTO Players (Id, FirstName, LastName, Age, Height, Weight, PositionId, ShirtNumber, TeamId) VALUES (88, 'Andreas', 'Christensen', 27, 187, 82, 2, 6, 16);
INSERT INTO Players (Id, FirstName, LastName, Age, Height, Weight, PositionId, ShirtNumber, TeamId) VALUES (89, 'Shuichi', 'Gonda', 34, 187, 84, 1, 12, 17);
INSERT INTO Players (Id, FirstName, LastName, Age, Height, Weight, PositionId, ShirtNumber, TeamId) VALUES (90, 'Takuma', 'Asano', 29, 173, 71, 4, 18, 17);
INSERT INTO Players (Id, FirstName, LastName, Age, Height, Weight, PositionId, ShirtNumber, TeamId) VALUES (91, 'Ritsu', 'Doan', 25, 172, 70, 3, 8, 17);
INSERT INTO Players (Id, FirstName, LastName, Age, Height, Weight, PositionId, ShirtNumber, TeamId) VALUES (92, 'Ao', 'Tanaka', 25, 180, 69, 3, 17, 17);
INSERT INTO Players (Id, FirstName, LastName, Age, Height, Weight, PositionId, ShirtNumber, TeamId) VALUES (93, 'Kaoru', 'Mitoma', 26, 178, 72, 3, 9, 17);
INSERT INTO Players (Id, FirstName, LastName, Age, Height, Weight, PositionId, ShirtNumber, TeamId) VALUES (94, 'Daizen', 'Maeda', 26, 173, 67, 4, 25, 17);
INSERT INTO Players (Id, FirstName, LastName, Age, Height, Weight, PositionId, ShirtNumber, TeamId) VALUES (95, 'Unai', 'Simon', 26, 190, 88, 1, 23, 18);
INSERT INTO Players (Id, FirstName, LastName, Age, Height, Weight, PositionId, ShirtNumber, TeamId) VALUES (96, 'Dani', 'Olmo', 25, 179, 72, 3, 21, 18);
INSERT INTO Players (Id, FirstName, LastName, Age, Height, Weight, PositionId, ShirtNumber, TeamId) VALUES (97, 'Marco', 'Asensio', 27, 182, 76, 4, 10, 18);
INSERT INTO Players (Id, FirstName, LastName, Age, Height, Weight, PositionId, ShirtNumber, TeamId) VALUES (98, 'Ferran', 'Torres', 23, 184, 77, 4, 11, 18);
INSERT INTO Players (Id, FirstName, LastName, Age, Height, Weight, PositionId, ShirtNumber, TeamId) VALUES (99, 'Pablo', 'Gavi', 19, 173, 70, 3, 9, 18);
INSERT INTO Players (Id, FirstName, LastName, Age, Height, Weight, PositionId, ShirtNumber, TeamId) VALUES (100, 'Alvaro', 'Morata', 31, 190, 84, 4, 7, 18);
INSERT INTO Players (Id, FirstName, LastName, Age, Height, Weight, PositionId, ShirtNumber, TeamId) VALUES (101, 'Carlos', 'Soler', 26, 180, 76, 3, 19, 18);
INSERT INTO Players (Id, FirstName, LastName, Age, Height, Weight, PositionId, ShirtNumber, TeamId) VALUES (102, 'Aymeric', 'Laporte', 29, 189, 86, 2, 24, 18);
INSERT INTO Players (Id, FirstName, LastName, Age, Height, Weight, PositionId, ShirtNumber, TeamId) VALUES (103, 'Manuel', 'Neuer', 37, 193, 93, 1, 1, 19);
INSERT INTO Players (Id, FirstName, LastName, Age, Height, Weight, PositionId, ShirtNumber, TeamId) VALUES (104, 'Ilkay', 'Gundogan', 33, 180, 80, 3, 21, 19);
INSERT INTO Players (Id, FirstName, LastName, Age, Height, Weight, PositionId, ShirtNumber, TeamId) VALUES (105, 'Niclas', 'Fullkrug', 30, 189, 83, 4, 9, 19);
INSERT INTO Players (Id, FirstName, LastName, Age, Height, Weight, PositionId, ShirtNumber, TeamId) VALUES (106, 'Serge', 'Gnabry', 28, 176, 77, 4, 10, 19);
INSERT INTO Players (Id, FirstName, LastName, Age, Height, Weight, PositionId, ShirtNumber, TeamId) VALUES (107, 'Kai', 'Havertz', 24, 193, 83, 3, 7, 19);
INSERT INTO Players (Id, FirstName, LastName, Age, Height, Weight, PositionId, ShirtNumber, TeamId) VALUES (108, 'Keylor', 'Navas', 36, 185, 80, 1, 1, 20);
INSERT INTO Players (Id, FirstName, LastName, Age, Height, Weight, PositionId, ShirtNumber, TeamId) VALUES (109, 'Keysher', 'Fuller', 29, 183, 78, 2, 4, 20);
INSERT INTO Players (Id, FirstName, LastName, Age, Height, Weight, PositionId, ShirtNumber, TeamId) VALUES (110, 'Yeltsin', 'Tejeda', 31, 179, 66, 3, 17, 20);
INSERT INTO Players (Id, FirstName, LastName, Age, Height, Weight, PositionId, ShirtNumber, TeamId) VALUES (111, 'Juan', 'Pablo Vargas', 28, 192, 88, 2, 3, 20);
INSERT INTO Players (Id, FirstName, LastName, Age, Height, Weight, PositionId, ShirtNumber, TeamId) VALUES (112, 'Romain', 'Saiss', 33, 190, 80, 2, 6, 21);
INSERT INTO Players (Id, FirstName, LastName, Age, Height, Weight, PositionId, ShirtNumber, TeamId) VALUES (113, 'Zakaria', 'Aboukhlal', 23, 179, 74, 2, 14, 21);
INSERT INTO Players (Id, FirstName, LastName, Age, Height, Weight, PositionId, ShirtNumber, TeamId) VALUES (114, 'Yassine', 'Bonou', 32, 195, 78, 1, 1, 21);
INSERT INTO Players (Id, FirstName, LastName, Age, Height, Weight, PositionId, ShirtNumber, TeamId) VALUES (115, 'Youssef', 'En-Nesyri', 26, 188, 73, 4, 19, 21);
INSERT INTO Players (Id, FirstName, LastName, Age, Height, Weight, PositionId, ShirtNumber, TeamId) VALUES (116, 'Hakim', 'Ziyech', 30, 180, 65, 3, 7, 21);
INSERT INTO Players (Id, FirstName, LastName, Age, Height, Weight, PositionId, ShirtNumber, TeamId) VALUES (117, 'Achraf', 'Hakimi', 25, 181, 73, 2, 2, 21);
INSERT INTO Players (Id, FirstName, LastName, Age, Height, Weight, PositionId, ShirtNumber, TeamId) VALUES (118, 'Abdelhamid', 'Sabiri', 27, 183, 80, 3, 11, 21);
INSERT INTO Players (Id, FirstName, LastName, Age, Height, Weight, PositionId, ShirtNumber, TeamId) VALUES (119, 'Sofiane', 'Boufal', 30, 175, 60, 4, 17, 21);
INSERT INTO Players (Id, FirstName, LastName, Age, Height, Weight, PositionId, ShirtNumber, TeamId) VALUES (120, 'Achraf', 'Dari', 24, 188, 84, 2, 20, 21);
INSERT INTO Players (Id, FirstName, LastName, Age, Height, Weight, PositionId, ShirtNumber, TeamId) VALUES (121, 'Nayef', 'Aguerd', 27, 190, 76, 2, 5, 21);
INSERT INTO Players (Id, FirstName, LastName, Age, Height, Weight, PositionId, ShirtNumber, TeamId) VALUES (122, 'Dominik', 'Livakovic', 28, 187, 79, 1, 1, 22);
INSERT INTO Players (Id, FirstName, LastName, Age, Height, Weight, PositionId, ShirtNumber, TeamId) VALUES (123, 'Marko', 'Livaja', 30, 182, 80, 4, 14, 22);
INSERT INTO Players (Id, FirstName, LastName, Age, Height, Weight, PositionId, ShirtNumber, TeamId) VALUES (124, 'Andrej', 'Kramaric', 32, 177, 73, 4, 9, 22);
INSERT INTO Players (Id, FirstName, LastName, Age, Height, Weight, PositionId, ShirtNumber, TeamId) VALUES (125, 'Lovro', 'Majer', 25, 178, 76, 3, 7, 22);
INSERT INTO Players (Id, FirstName, LastName, Age, Height, Weight, PositionId, ShirtNumber, TeamId) VALUES (126, 'Ivan', 'Perisic', 34, 186, 80, 3, 4, 22);
INSERT INTO Players (Id, FirstName, LastName, Age, Height, Weight, PositionId, ShirtNumber, TeamId) VALUES (127, 'Mateo', 'Kovacic', 29, 177, 78, 3, 8, 22);
INSERT INTO Players (Id, FirstName, LastName, Age, Height, Weight, PositionId, ShirtNumber, TeamId) VALUES (128, 'Borna', 'Barisic', 31, 186, 80, 2, 3, 22);
INSERT INTO Players (Id, FirstName, LastName, Age, Height, Weight, PositionId, ShirtNumber, TeamId) VALUES (129, 'Marcelo', 'Brozovic', 31, 181, 68, 3, 11, 22);
INSERT INTO Players (Id, FirstName, LastName, Age, Height, Weight, PositionId, ShirtNumber, TeamId) VALUES (130, 'Nikola', 'Vlasic', 26, 178, 72, 3, 13, 22);
INSERT INTO Players (Id, FirstName, LastName, Age, Height, Weight, PositionId, ShirtNumber, TeamId) VALUES (131, 'Mario', 'Pasalic', 28, 188, 82, 3, 15, 22);
INSERT INTO Players (Id, FirstName, LastName, Age, Height, Weight, PositionId, ShirtNumber, TeamId) VALUES (132, 'Bruno', 'Petkovic', 29, 193, 88, 4, 16, 22);
INSERT INTO Players (Id, FirstName, LastName, Age, Height, Weight, PositionId, ShirtNumber, TeamId) VALUES (133, 'Luka', 'Modric', 38, 172, 66, 4, 10, 22);
INSERT INTO Players (Id, FirstName, LastName, Age, Height, Weight, PositionId, ShirtNumber, TeamId) VALUES (134, 'Mislav', 'Orsic', 30, 179, 69, 4, 18, 22);
INSERT INTO Players (Id, FirstName, LastName, Age, Height, Weight, PositionId, ShirtNumber, TeamId) VALUES (135, 'Josko', 'Gvardiol', 21, 185, 80, 2, 20, 22);
INSERT INTO Players (Id, FirstName, LastName, Age, Height, Weight, PositionId, ShirtNumber, TeamId) VALUES (136, 'Thibaut', 'Courtois', 31, 200, 96, 1, 1, 23);
INSERT INTO Players (Id, FirstName, LastName, Age, Height, Weight, PositionId, ShirtNumber, TeamId) VALUES (137, 'Michy', 'Batshuayi', 30, 185, 76, 4, 23, 23);
INSERT INTO Players (Id, FirstName, LastName, Age, Height, Weight, PositionId, ShirtNumber, TeamId) VALUES (138, 'Milan', 'Borjan', 36, 195, 80, 1, 18, 24);
INSERT INTO Players (Id, FirstName, LastName, Age, Height, Weight, PositionId, ShirtNumber, TeamId) VALUES (139, 'Alphonso', 'Davies', 23, 183, 75, 2, 19, 24);
INSERT INTO Players (Id, FirstName, LastName, Age, Height, Weight, PositionId, ShirtNumber, TeamId) VALUES (140, 'Alisson', 'Becker', 31, 193, 91, 1, 1, 25);
INSERT INTO Players (Id, FirstName, LastName, Age, Height, Weight, PositionId, ShirtNumber, TeamId) VALUES (141, 'Richarlison', 'de Andrade', 26, 184, 83, 4, 9, 25);
INSERT INTO Players (Id, FirstName, LastName, Age, Height, Weight, PositionId, ShirtNumber, TeamId) VALUES (142, 'Carlos', 'Casemiro', 31, 185, 84, 3, 5, 25);
INSERT INTO Players (Id, FirstName, LastName, Age, Height, Weight, PositionId, ShirtNumber, TeamId) VALUES (143, 'Vinicius', 'Junior', 23, 176, 73, 4, 20, 25);
INSERT INTO Players (Id, FirstName, LastName, Age, Height, Weight, PositionId, ShirtNumber, TeamId) VALUES (144, 'Neymar', 'Junior', 31, 175, 68, 4, 10, 25);
INSERT INTO Players (Id, FirstName, LastName, Age, Height, Weight, PositionId, ShirtNumber, TeamId) VALUES (145, 'Lucas', 'Paqueta', 26, 180, 72, 3, 7, 25);
INSERT INTO Players (Id, FirstName, LastName, Age, Height, Weight, PositionId, ShirtNumber, TeamId) VALUES (146, 'Marcos', 'Marquinhos', 29, 183, 75, 2, 4, 25);
INSERT INTO Players (Id, FirstName, LastName, Age, Height, Weight, PositionId, ShirtNumber, TeamId) VALUES (147, 'Danilo', 'Silva', 32, 184, 78, 2, 2, 25);
INSERT INTO Players (Id, FirstName, LastName, Age, Height, Weight, PositionId, ShirtNumber, TeamId) VALUES (148, 'Pedro', 'Santos', 26, 185, 78, 4, 25, 25);
INSERT INTO Players (Id, FirstName, LastName, Age, Height, Weight, PositionId, ShirtNumber, TeamId) VALUES (149, 'Yann', 'Sommer', 34, 183, 79, 1, 1, 26);
INSERT INTO Players (Id, FirstName, LastName, Age, Height, Weight, PositionId, ShirtNumber, TeamId) VALUES (150, 'Breel', 'Embolo', 26, 187, 88, 4, 7, 26);
INSERT INTO Players (Id, FirstName, LastName, Age, Height, Weight, PositionId, ShirtNumber, TeamId) VALUES (151, 'Haris', 'Seferovic', 31, 186, 85, 4, 9, 26);
INSERT INTO Players (Id, FirstName, LastName, Age, Height, Weight, PositionId, ShirtNumber, TeamId) VALUES (152, 'Xherdan', 'Shaqiri', 32, 169, 72, 3, 23, 26);
INSERT INTO Players (Id, FirstName, LastName, Age, Height, Weight, PositionId, ShirtNumber, TeamId) VALUES (153, 'Remo', 'Feuler', 31, 181, 80, 3, 8, 26);
INSERT INTO Players (Id, FirstName, LastName, Age, Height, Weight, PositionId, ShirtNumber, TeamId) VALUES (154, 'Manuel', 'Akanji', 28, 186, 91, 2, 5, 26);
INSERT INTO Players (Id, FirstName, LastName, Age, Height, Weight, PositionId, ShirtNumber, TeamId) VALUES (155, 'Fabian', 'Schar', 31, 186, 84, 2, 22, 26);
INSERT INTO Players (Id, FirstName, LastName, Age, Height, Weight, PositionId, ShirtNumber, TeamId) VALUES (156, 'Andre', 'Onana', 27, 190, 93, 1, 23, 27);
INSERT INTO Players (Id, FirstName, LastName, Age, Height, Weight, PositionId, ShirtNumber, TeamId) VALUES (157, 'Eric', 'Choupo-Moting', 34, 191, 90, 4, 13, 27);
INSERT INTO Players (Id, FirstName, LastName, Age, Height, Weight, PositionId, ShirtNumber, TeamId) VALUES (158, 'Jean-Charles', 'Castelletto', 28, 186, 79, 2, 21, 27);
INSERT INTO Players (Id, FirstName, LastName, Age, Height, Weight, PositionId, ShirtNumber, TeamId) VALUES (159, 'Vincent', 'Aboubakar', 31, 184, 89, 4, 10, 27);
INSERT INTO Players (Id, FirstName, LastName, Age, Height, Weight, PositionId, ShirtNumber, TeamId) VALUES (160, 'Vanja', 'Milinkovic-Savic', 26, 202, 96, 1, 23, 28);
INSERT INTO Players (Id, FirstName, LastName, Age, Height, Weight, PositionId, ShirtNumber, TeamId) VALUES (161, 'Sergej', 'Milinkovic-Savic', 28, 192, 83, 3, 20, 28);
INSERT INTO Players (Id, FirstName, LastName, Age, Height, Weight, PositionId, ShirtNumber, TeamId) VALUES (162, 'Strahinja', 'Pavlovic', 22, 194, 88, 2, 2, 28);
INSERT INTO Players (Id, FirstName, LastName, Age, Height, Weight, PositionId, ShirtNumber, TeamId) VALUES (163, 'Aleksandar', 'Mitrovic', 29, 189, 89, 4, 9, 28);
INSERT INTO Players (Id, FirstName, LastName, Age, Height, Weight, PositionId, ShirtNumber, TeamId) VALUES (164, 'Dusan', 'Vlahovic', 23, 190, 88, 4, 18, 28);
INSERT INTO Players (Id, FirstName, LastName, Age, Height, Weight, PositionId, ShirtNumber, TeamId) VALUES (165, 'Diego', 'Costa', 24, 186, 81, 1, 22, 29);
INSERT INTO Players (Id, FirstName, LastName, Age, Height, Weight, PositionId, ShirtNumber, TeamId) VALUES (166, 'Joao', 'Felix', 24, 181, 70, 4, 11, 29);
INSERT INTO Players (Id, FirstName, LastName, Age, Height, Weight, PositionId, ShirtNumber, TeamId) VALUES (167, 'Cristiano', 'Ronaldo', 38, 187, 83, 1, 7, 29);
INSERT INTO Players (Id, FirstName, LastName, Age, Height, Weight, PositionId, ShirtNumber, TeamId) VALUES (168, 'Rafael', 'Leao', 24, 188, 81, 1, 15, 29);
INSERT INTO Players (Id, FirstName, LastName, Age, Height, Weight, PositionId, ShirtNumber, TeamId) VALUES (169, 'Bruno', 'Fernandes', 29, 179, 69, 3, 8, 29);
INSERT INTO Players (Id, FirstName, LastName, Age, Height, Weight, PositionId, ShirtNumber, TeamId) VALUES (170, 'Ricardo', 'Horta', 29, 173, 63, 4, 21, 29);
INSERT INTO Players (Id, FirstName, LastName, Age, Height, Weight, PositionId, ShirtNumber, TeamId) VALUES (171, 'Goncalo', 'Ramos', 22, 185, 79, 4, 26, 29);
INSERT INTO Players (Id, FirstName, LastName, Age, Height, Weight, PositionId, ShirtNumber, TeamId) VALUES (172, 'Raphael', 'Guerreiro', 29, 170, 71, 2, 5, 29);
INSERT INTO Players (Id, FirstName, LastName, Age, Height, Weight, PositionId, ShirtNumber, TeamId) VALUES (173, 'Kepler', 'Pepe', 40, 188, 81, 2, 3, 29);
INSERT INTO Players (Id, FirstName, LastName, Age, Height, Weight, PositionId, ShirtNumber, TeamId) VALUES (174, 'Kim', 'Seung-Gyu', 33, 187, 78, 1, 1, 30);
INSERT INTO Players (Id, FirstName, LastName, Age, Height, Weight, PositionId, ShirtNumber, TeamId) VALUES (175, 'Cho', 'Gue-sung', 25, 185, 70, 4, 9, 30);
INSERT INTO Players (Id, FirstName, LastName, Age, Height, Weight, PositionId, ShirtNumber, TeamId) VALUES (176, 'Kim', 'Young-gwon', 33, 186, 74, 2, 19, 30);
INSERT INTO Players (Id, FirstName, LastName, Age, Height, Weight, PositionId, ShirtNumber, TeamId) VALUES (177, 'Hwang', 'Hee-chan', 27, 177, 77, 4, 11, 30);
INSERT INTO Players (Id, FirstName, LastName, Age, Height, Weight, PositionId, ShirtNumber, TeamId) VALUES (178, 'Jung', 'Woo-young', 33, 186, 78, 3, 5, 30);
INSERT INTO Players (Id, FirstName, LastName, Age, Height, Weight, PositionId, ShirtNumber, TeamId) VALUES (179, 'Paik', 'Seung-ho', 26, 177, 67, 3, 8, 30);
INSERT INTO Players (Id, FirstName, LastName, Age, Height, Weight, PositionId, ShirtNumber, TeamId) VALUES (180, 'Son', 'Heung-min', 31, 184, 77, 4, 7, 30);
INSERT INTO Players (Id, FirstName, LastName, Age, Height, Weight, PositionId, ShirtNumber, TeamId) VALUES (181, 'Sergio', 'Rochet', 30, 190, 82, 1, 1, 31);
INSERT INTO Players (Id, FirstName, LastName, Age, Height, Weight, PositionId, ShirtNumber, TeamId) VALUES (182, 'Luis', 'Suarez', 36, 182, 86, 4, 9, 31);
INSERT INTO Players (Id, FirstName, LastName, Age, Height, Weight, PositionId, ShirtNumber, TeamId) VALUES (183, 'Giorgian', 'de Arrascaeta', 29, 173, 73, 3, 10, 31);
INSERT INTO Players (Id, FirstName, LastName, Age, Height, Weight, PositionId, ShirtNumber, TeamId) VALUES (184, 'Lawrence', 'Zigi', 27, 188, 87, 1, 1, 32);
INSERT INTO Players (Id, FirstName, LastName, Age, Height, Weight, PositionId, ShirtNumber, TeamId) VALUES (185, 'Andre', 'Ayew', 33, 175, 70, 4, 10, 32);
INSERT INTO Players (Id, FirstName, LastName, Age, Height, Weight, PositionId, ShirtNumber, TeamId) VALUES (186, 'Osman', 'Bukari', 24, 170, 66, 3, 11, 32);
INSERT INTO Players (Id, FirstName, LastName, Age, Height, Weight, PositionId, ShirtNumber, TeamId) VALUES (187, 'Mohammed', 'Kudus', 23, 177, 70, 3, 20, 32);
INSERT INTO Players (Id, FirstName, LastName, Age, Height, Weight, PositionId, ShirtNumber, TeamId) VALUES (188, 'Mohammed', 'Salisu', 24, 191, 82, 2, 4, 32);
# 188 records

#
# Dumping data for table 'Staffs'
#
INSERT INTO Staffs (Id, FirstName, LastName, TeamId, Nationality, PositionId) VALUES (1, 'Ronald', 'Koeman', 1, 'Netherlands', 1);
INSERT INTO Staffs (Id, FirstName, LastName, TeamId, Nationality, PositionId) VALUES (2, 'Erwin', 'Koeman', 1, 'Netherlands', 2);
INSERT INTO Staffs (Id, FirstName, LastName, TeamId, Nationality, PositionId) VALUES (3, 'Ricardo', 'de Sanders', 1, 'Netherlands', 3);
INSERT INTO Staffs (Id, FirstName, LastName, TeamId, Nationality, PositionId) VALUES (4, 'Aliou', 'Cisse', 2, 'Senegal', 1);
INSERT INTO Staffs (Id, FirstName, LastName, TeamId, Nationality, PositionId) VALUES (5, 'Regis', 'Bogaert', 2, 'France', 2);
INSERT INTO Staffs (Id, FirstName, LastName, TeamId, Nationality, PositionId) VALUES (6, 'Djibril', 'Yattar', 2, 'Senegal', 3);
INSERT INTO Staffs (Id, FirstName, LastName, TeamId, Nationality, PositionId) VALUES (7, 'Felix', 'Sanchez', 3, 'Spain', 1);
INSERT INTO Staffs (Id, FirstName, LastName, TeamId, Nationality, PositionId) VALUES (8, 'Javi', 'Ramos', 3, 'Spain', 2);
INSERT INTO Staffs (Id, FirstName, LastName, TeamId, Nationality, PositionId) VALUES (9, 'Alberto', 'Mendez', 3, 'Spain', 3);
INSERT INTO Staffs (Id, FirstName, LastName, TeamId, Nationality, PositionId) VALUES (10, 'Tintin', 'Marquez', 4, 'Spain', 1);
INSERT INTO Staffs (Id, FirstName, LastName, TeamId, Nationality, PositionId) VALUES (11, 'Mick', 'McDermott', 4, 'Northern Ireland', 2);
INSERT INTO Staffs (Id, FirstName, LastName, TeamId, Nationality, PositionId) VALUES (12, 'Maqbool', 'Al-Khelaifi', 4, 'Qatar', 3);
INSERT INTO Staffs (Id, FirstName, LastName, TeamId, Nationality, PositionId) VALUES (13, 'Gareth', 'Southgate', 5, 'England', 1);
INSERT INTO Staffs (Id, FirstName, LastName, TeamId, Nationality, PositionId) VALUES (14, 'Steve', 'Holland', 5, 'England', 2);
INSERT INTO Staffs (Id, FirstName, LastName, TeamId, Nationality, PositionId) VALUES (15, 'Mark', 'Williams', 5, 'England', 3);
INSERT INTO Staffs (Id, FirstName, LastName, TeamId, Nationality, PositionId) VALUES (16, 'Gregg', 'Berhalter', 6, 'United States', 1);
INSERT INTO Staffs (Id, FirstName, LastName, TeamId, Nationality, PositionId) VALUES (17, 'Mikey', 'Varas', 6, 'United States', 2);
INSERT INTO Staffs (Id, FirstName, LastName, TeamId, Nationality, PositionId) VALUES (18, 'Darcy', 'Norman', 6, 'United States', 3);
INSERT INTO Staffs (Id, FirstName, LastName, TeamId, Nationality, PositionId) VALUES (19, 'Amir', 'Ghalenoei', 7, 'Iran', 1);
INSERT INTO Staffs (Id, FirstName, LastName, TeamId, Nationality, PositionId) VALUES (20, 'Antonio', 'Manicone', 7, 'Italy', 2);
INSERT INTO Staffs (Id, FirstName, LastName, TeamId, Nationality, PositionId) VALUES (21, 'Alireza', 'Shahab', 7, 'Iran', 3);
INSERT INTO Staffs (Id, FirstName, LastName, TeamId, Nationality, PositionId) VALUES (22, 'Rob', 'Page', 8, 'Wales', 1);
INSERT INTO Staffs (Id, FirstName, LastName, TeamId, Nationality, PositionId) VALUES (23, 'Eric', 'Ramsey', 8, 'Wales', 2);
INSERT INTO Staffs (Id, FirstName, LastName, TeamId, Nationality, PositionId) VALUES (24, 'Sean', 'Connelly', 8, 'England', 3);
INSERT INTO Staffs (Id, FirstName, LastName, TeamId, Nationality, PositionId) VALUES (25, 'Lionel', 'Scaloni', 9, 'Argentina', 1);
INSERT INTO Staffs (Id, FirstName, LastName, TeamId, Nationality, PositionId) VALUES (26, 'Pablo', 'Aimar', 9, 'Argentina', 2);
INSERT INTO Staffs (Id, FirstName, LastName, TeamId, Nationality, PositionId) VALUES (27, 'Luis', 'Martin', 9, 'Argentina', 3);
INSERT INTO Staffs (Id, FirstName, LastName, TeamId, Nationality, PositionId) VALUES (28, 'Michal', 'Probierz', 10, 'Poland', 1);
INSERT INTO Staffs (Id, FirstName, LastName, TeamId, Nationality, PositionId) VALUES (29, 'Michal', 'Bartosz', 10, 'Poland', 2);
INSERT INTO Staffs (Id, FirstName, LastName, TeamId, Nationality, PositionId) VALUES (30, 'Jacek', 'Jaroszewski', 10, 'Poland', 3);
INSERT INTO Staffs (Id, FirstName, LastName, TeamId, Nationality, PositionId) VALUES (31, 'Jaime', 'Lozano', 11, 'Mexico', 1);
INSERT INTO Staffs (Id, FirstName, LastName, TeamId, Nationality, PositionId) VALUES (32, 'Toni', 'Clavero', 11, 'Spain', 2);
INSERT INTO Staffs (Id, FirstName, LastName, TeamId, Nationality, PositionId) VALUES (33, 'Jos', 'Luis Serrano', 11, 'Mexico', 3);
INSERT INTO Staffs (Id, FirstName, LastName, TeamId, Nationality, PositionId) VALUES (34, 'Roberto', 'Mancini', 12, 'Italy', 1);
INSERT INTO Staffs (Id, FirstName, LastName, TeamId, Nationality, PositionId) VALUES (35, 'Attilio', 'Lombardo', 12, 'Italy', 2);
INSERT INTO Staffs (Id, FirstName, LastName, TeamId, Nationality, PositionId) VALUES (36, 'Andrea', 'Scanavino', 12, 'Italy', 3);
INSERT INTO Staffs (Id, FirstName, LastName, TeamId, Nationality, PositionId) VALUES (37, 'Didier', 'Deschamps', 13, 'France', 1);
INSERT INTO Staffs (Id, FirstName, LastName, TeamId, Nationality, PositionId) VALUES (38, 'Guy', 'Stphan', 13, 'France', 2);
INSERT INTO Staffs (Id, FirstName, LastName, TeamId, Nationality, PositionId) VALUES (39, 'Franck', 'Le Gall', 13, 'France', 3);
INSERT INTO Staffs (Id, FirstName, LastName, TeamId, Nationality, PositionId) VALUES (40, 'Graham', 'Arnold', 14, 'Australia', 1);
INSERT INTO Staffs (Id, FirstName, LastName, TeamId, Nationality, PositionId) VALUES (41, 'Ren', 'Meulensteen', 14, 'Netherland', 2);
INSERT INTO Staffs (Id, FirstName, LastName, TeamId, Nationality, PositionId) VALUES (42, 'Denis', 'Morcel', 14, 'France', 3);
INSERT INTO Staffs (Id, FirstName, LastName, TeamId, Nationality, PositionId) VALUES (43, 'Jalel', 'Kadri', 15, 'Tunisia', 1);
INSERT INTO Staffs (Id, FirstName, LastName, TeamId, Nationality, PositionId) VALUES (44, 'Ali', 'Boumnijel', 15, 'Tunisia', 2);
INSERT INTO Staffs (Id, FirstName, LastName, TeamId, Nationality, PositionId) VALUES (45, 'Souheil', 'Chemli', 15, 'Tunisia', 3);
INSERT INTO Staffs (Id, FirstName, LastName, TeamId, Nationality, PositionId) VALUES (46, 'Kasper', 'Hjulmand', 16, 'Denmark', 1);
INSERT INTO Staffs (Id, FirstName, LastName, TeamId, Nationality, PositionId) VALUES (47, 'Morten', 'Wieghorst', 16, 'Denmark', 2);
INSERT INTO Staffs (Id, FirstName, LastName, TeamId, Nationality, PositionId) VALUES (48, 'Morten', 'Boesen', 16, 'Denmark', 3);
INSERT INTO Staffs (Id, FirstName, LastName, TeamId, Nationality, PositionId) VALUES (49, 'Hajime', 'Moriyasu', 17, 'Japan', 1);
INSERT INTO Staffs (Id, FirstName, LastName, TeamId, Nationality, PositionId) VALUES (50, 'Ryoichi', 'Maeda', 17, 'Japan', 2);
INSERT INTO Staffs (Id, FirstName, LastName, TeamId, Nationality, PositionId) VALUES (51, 'Ryoichi', 'Matsumoto', 17, 'Japan', 3);
INSERT INTO Staffs (Id, FirstName, LastName, TeamId, Nationality, PositionId) VALUES (52, 'Luis', 'Fuente', 18, 'Spain', 1);
INSERT INTO Staffs (Id, FirstName, LastName, TeamId, Nationality, PositionId) VALUES (53, 'Pablo', 'Amo', 18, 'Spain', 2);
INSERT INTO Staffs (Id, FirstName, LastName, TeamId, Nationality, PositionId) VALUES (54, 'Juan', 'Cota', 18, 'Spain', 3);
INSERT INTO Staffs (Id, FirstName, LastName, TeamId, Nationality, PositionId) VALUES (55, 'Julian', 'Nagelsmann', 19, 'Germany', 1);
INSERT INTO Staffs (Id, FirstName, LastName, TeamId, Nationality, PositionId) VALUES (56, 'Sandror', 'Wagne', 19, 'Germany', 2);
INSERT INTO Staffs (Id, FirstName, LastName, TeamId, Nationality, PositionId) VALUES (57, 'Tim', 'Meyer', 19, 'Germany', 3);
INSERT INTO Staffs (Id, FirstName, LastName, TeamId, Nationality, PositionId) VALUES (58, 'Gustavo', 'Alfaro', 20, 'Argentina', 1);
INSERT INTO Staffs (Id, FirstName, LastName, TeamId, Nationality, PositionId) VALUES (59, 'Wendell', 'Jimnez', 20, 'Costa Rica', 2);
INSERT INTO Staffs (Id, FirstName, LastName, TeamId, Nationality, PositionId) VALUES (60, 'Alejandro', 'Ramrez', 20, 'Costa Rica', 3);
INSERT INTO Staffs (Id, FirstName, LastName, TeamId, Nationality, PositionId) VALUES (61, 'Walid', 'Regragui', 21, 'Morocco', 1);
INSERT INTO Staffs (Id, FirstName, LastName, TeamId, Nationality, PositionId) VALUES (62, 'Gharib', 'Amzine', 21, 'Morocco', 2);
INSERT INTO Staffs (Id, FirstName, LastName, TeamId, Nationality, PositionId) VALUES (63, 'Omar', 'Harrak', 21, 'Spain', 3);
INSERT INTO Staffs (Id, FirstName, LastName, TeamId, Nationality, PositionId) VALUES (64, 'Zlatko', 'Dalic', 22, 'Croatia', 1);
INSERT INTO Staffs (Id, FirstName, LastName, TeamId, Nationality, PositionId) VALUES (65, 'Ivica', 'Olic', 22, 'Croatia', 2);
INSERT INTO Staffs (Id, FirstName, LastName, TeamId, Nationality, PositionId) VALUES (66, 'Neven', 'Golubar', 22, 'Croatia', 3);
INSERT INTO Staffs (Id, FirstName, LastName, TeamId, Nationality, PositionId) VALUES (67, 'Domenico', 'Tedesco', 23, 'Italy', 1);
INSERT INTO Staffs (Id, FirstName, LastName, TeamId, Nationality, PositionId) VALUES (68, 'Thomas', 'Schneider', 23, 'Germany', 2);
INSERT INTO Staffs (Id, FirstName, LastName, TeamId, Nationality, PositionId) VALUES (69, 'Piet', 'Erauw', 23, 'Belgium', 3);
INSERT INTO Staffs (Id, FirstName, LastName, TeamId, Nationality, PositionId) VALUES (70, 'Mauro', 'Biello', 24, 'Canada', 1);
INSERT INTO Staffs (Id, FirstName, LastName, TeamId, Nationality, PositionId) VALUES (71, 'Steven', 'Caldwell', 24, 'Scotland', 2);
INSERT INTO Staffs (Id, FirstName, LastName, TeamId, Nationality, PositionId) VALUES (72, 'Paul', 'Stalteri', 24, 'Canada', 3);
INSERT INTO Staffs (Id, FirstName, LastName, TeamId, Nationality, PositionId) VALUES (73, 'Fernando', 'Diniz', 25, 'Brazil', 1);
INSERT INTO Staffs (Id, FirstName, LastName, TeamId, Nationality, PositionId) VALUES (74, 'Eduardo', 'Barros', 25, 'Brazil', 2);
INSERT INTO Staffs (Id, FirstName, LastName, TeamId, Nationality, PositionId) VALUES (75, 'Dadao', 'Cavalcanti', 25, 'Brazil', 3);
INSERT INTO Staffs (Id, FirstName, LastName, TeamId, Nationality, PositionId) VALUES (76, 'Murad', 'Yakin', 26, 'Switzerland', 1);
INSERT INTO Staffs (Id, FirstName, LastName, TeamId, Nationality, PositionId) VALUES (77, 'Vincent', 'Cavin', 26, 'Switzerland', 2);
INSERT INTO Staffs (Id, FirstName, LastName, TeamId, Nationality, PositionId) VALUES (78, 'Marcel', 'Mullenberger', 26, 'Switzerland', 3);
INSERT INTO Staffs (Id, FirstName, LastName, TeamId, Nationality, PositionId) VALUES (79, 'Rigobert', 'Song', 27, 'Cameroon', 1);
INSERT INTO Staffs (Id, FirstName, LastName, TeamId, Nationality, PositionId) VALUES (80, 'Sebastien', 'Migne', 27, 'France', 2);
INSERT INTO Staffs (Id, FirstName, LastName, TeamId, Nationality, PositionId) VALUES (81, 'Augustine', 'Simo', 27, 'Cameroon', 3);
INSERT INTO Staffs (Id, FirstName, LastName, TeamId, Nationality, PositionId) VALUES (82, 'Dragan', 'Stojokovic', 28, 'Serbia', 1);
INSERT INTO Staffs (Id, FirstName, LastName, TeamId, Nationality, PositionId) VALUES (83, 'Goran', 'Dorovic', 28, 'Serbia', 2);
INSERT INTO Staffs (Id, FirstName, LastName, TeamId, Nationality, PositionId) VALUES (84, 'Stevan', 'Stojanovic', 28, 'Serbia', 3);
INSERT INTO Staffs (Id, FirstName, LastName, TeamId, Nationality, PositionId) VALUES (85, 'Roberto', 'Martinez', 29, 'Spain', 1);
INSERT INTO Staffs (Id, FirstName, LastName, TeamId, Nationality, PositionId) VALUES (86, 'Anthony', 'Barry', 29, 'England', 2);
INSERT INTO Staffs (Id, FirstName, LastName, TeamId, Nationality, PositionId) VALUES (87, 'Joao', 'Brito', 29, 'Portugal', 3);
INSERT INTO Staffs (Id, FirstName, LastName, TeamId, Nationality, PositionId) VALUES (88, 'Paolo', 'Stringara', 30, 'Italy', 1);
INSERT INTO Staffs (Id, FirstName, LastName, TeamId, Nationality, PositionId) VALUES (89, 'Andi', 'Herzog', 30, 'Austria', 2);
INSERT INTO Staffs (Id, FirstName, LastName, TeamId, Nationality, PositionId) VALUES (90, 'Lee', 'Jae-hong', 30, 'Korea', 3);
INSERT INTO Staffs (Id, FirstName, LastName, TeamId, Nationality, PositionId) VALUES (91, 'Marcelo', 'Bielsa', 32, 'Argentina', 1);
INSERT INTO Staffs (Id, FirstName, LastName, TeamId, Nationality, PositionId) VALUES (92, 'Pablo', 'Quiroga', 32, 'Uruguay', 2);
INSERT INTO Staffs (Id, FirstName, LastName, TeamId, Nationality, PositionId) VALUES (93, 'Marco', 'Mansulino', 32, 'Argentina', 3);
INSERT INTO Staffs (Id, FirstName, LastName, TeamId, Nationality, PositionId) VALUES (94, 'Chris', 'Hughton', 32, 'Ireland', 1);
INSERT INTO Staffs (Id, FirstName, LastName, TeamId, Nationality, PositionId) VALUES (95, 'Geogre', 'Boateng', 32, 'Netherland', 2);
INSERT INTO Staffs (Id, FirstName, LastName, TeamId, Nationality, PositionId) VALUES (96, 'Mas-Ud Didi', 'Dramani', 32, 'Ghana', 3);
# 96 records

#
# Dumping data for table 'MatchEvents'
#
INSERT INTO MatchEvents (Id, EventType, PlayerId, MatchId, Minute) VALUES (1, 'Goal', 21, 1, 16);
INSERT INTO MatchEvents (Id, EventType, PlayerId, MatchId, Minute) VALUES (2, 'Goal', 21, 1, 31);
INSERT INTO MatchEvents (Id, EventType, PlayerId, MatchId, Minute) VALUES (3, 'Goal', 1, 2, 84);
INSERT INTO MatchEvents (Id, EventType, PlayerId, MatchId, Minute) VALUES (4, 'Goal', 2, 2, 90);
INSERT INTO MatchEvents (Id, EventType, PlayerId, MatchId, Minute) VALUES (5, 'Goal', 23, 3, 78);
INSERT INTO MatchEvents (Id, EventType, PlayerId, MatchId, Minute) VALUES (6, 'Goal', 14, 3, 41);
INSERT INTO MatchEvents (Id, EventType, PlayerId, MatchId, Minute) VALUES (7, 'Goal', 13, 3, 48);
INSERT INTO MatchEvents (Id, EventType, PlayerId, MatchId, Minute) VALUES (8, 'Goal', 16, 3, 84);
INSERT INTO MatchEvents (Id, EventType, PlayerId, MatchId, Minute) VALUES (9, 'Goal', 1, 4, 6);
INSERT INTO MatchEvents (Id, EventType, PlayerId, MatchId, Minute) VALUES (10, 'Goal', 21, 4, 49);
INSERT INTO MatchEvents (Id, EventType, PlayerId, MatchId, Minute) VALUES (11, 'Goal', 20, 5, 67);
INSERT INTO MatchEvents (Id, EventType, PlayerId, MatchId, Minute) VALUES (12, 'Goal', 17, 5, 44);
INSERT INTO MatchEvents (Id, EventType, PlayerId, MatchId, Minute) VALUES (13, 'Goal', 18, 5, 70);
INSERT INTO MatchEvents (Id, EventType, PlayerId, MatchId, Minute) VALUES (14, 'Goal', 1, 6, 26);
INSERT INTO MatchEvents (Id, EventType, PlayerId, MatchId, Minute) VALUES (15, 'Goal', 3, 6, 49);
INSERT INTO MatchEvents (Id, EventType, PlayerId, MatchId, Minute) VALUES (16, 'Goal', 27, 7, 35);
INSERT INTO MatchEvents (Id, EventType, PlayerId, MatchId, Minute) VALUES (17, 'Goal', 26, 7, 43);
INSERT INTO MatchEvents (Id, EventType, PlayerId, MatchId, Minute) VALUES (18, 'Goal', 26, 7, 62);
INSERT INTO MatchEvents (Id, EventType, PlayerId, MatchId, Minute) VALUES (19, 'Goal', 25, 7, 45);
INSERT INTO MatchEvents (Id, EventType, PlayerId, MatchId, Minute) VALUES (20, 'Goal', 28, 7, 71);
INSERT INTO MatchEvents (Id, EventType, PlayerId, MatchId, Minute) VALUES (21, 'Goal', 29, 7, 90);
INSERT INTO MatchEvents (Id, EventType, PlayerId, MatchId, Minute) VALUES (22, 'Goal', 39, 7, 65);
INSERT INTO MatchEvents (Id, EventType, PlayerId, MatchId, Minute) VALUES (23, 'Goal', 39, 7, 90);
INSERT INTO MatchEvents (Id, EventType, PlayerId, MatchId, Minute) VALUES (24, 'Goal', 35, 8, 36);
INSERT INTO MatchEvents (Id, EventType, PlayerId, MatchId, Minute) VALUES (25, 'Goal', 43, 8, 82);
INSERT INTO MatchEvents (Id, EventType, PlayerId, MatchId, Minute) VALUES (26, 'Goal', 41, 9, 90);
INSERT INTO MatchEvents (Id, EventType, PlayerId, MatchId, Minute) VALUES (27, 'Goal', 40, 9, 90);
INSERT INTO MatchEvents (Id, EventType, PlayerId, MatchId, Minute) VALUES (28, 'Goal', 28, 11, 50);
INSERT INTO MatchEvents (Id, EventType, PlayerId, MatchId, Minute) VALUES (29, 'Goal', 28, 11, 68);
INSERT INTO MatchEvents (Id, EventType, PlayerId, MatchId, Minute) VALUES (30, 'Goal', 30, 11, 51);
INSERT INTO MatchEvents (Id, EventType, PlayerId, MatchId, Minute) VALUES (31, 'Goal', 36, 12, 38);
INSERT INTO MatchEvents (Id, EventType, PlayerId, MatchId, Minute) VALUES (32, 'Goal', 45, 13, 10);
INSERT INTO MatchEvents (Id, EventType, PlayerId, MatchId, Minute) VALUES (33, 'Goal', 68, 13, 48);
INSERT INTO MatchEvents (Id, EventType, PlayerId, MatchId, Minute) VALUES (34, 'Goal', 69, 13, 53);
INSERT INTO MatchEvents (Id, EventType, PlayerId, MatchId, Minute) VALUES (35, 'Goal', 61, 15, 39);
INSERT INTO MatchEvents (Id, EventType, PlayerId, MatchId, Minute) VALUES (36, 'Goal', 60, 15, 82);
INSERT INTO MatchEvents (Id, EventType, PlayerId, MatchId, Minute) VALUES (37, 'Goal', 45, 16, 64);
INSERT INTO MatchEvents (Id, EventType, PlayerId, MatchId, Minute) VALUES (38, 'Goal', 46, 16, 87);
INSERT INTO MatchEvents (Id, EventType, PlayerId, MatchId, Minute) VALUES (39, 'Goal', 48, 17, 46);
INSERT INTO MatchEvents (Id, EventType, PlayerId, MatchId, Minute) VALUES (40, 'Goal', 47, 17, 67);
INSERT INTO MatchEvents (Id, EventType, PlayerId, MatchId, Minute) VALUES (41, 'Goal', 65, 18, 47);
INSERT INTO MatchEvents (Id, EventType, PlayerId, MatchId, Minute) VALUES (42, 'Goal', 66, 18, 52);
INSERT INTO MatchEvents (Id, EventType, PlayerId, MatchId, Minute) VALUES (43, 'Goal', 69, 18, 90);
INSERT INTO MatchEvents (Id, EventType, PlayerId, MatchId, Minute) VALUES (44, 'Goal', 80, 20, 9);
INSERT INTO MatchEvents (Id, EventType, PlayerId, MatchId, Minute) VALUES (45, 'Goal', 73, 20, 27);
INSERT INTO MatchEvents (Id, EventType, PlayerId, MatchId, Minute) VALUES (46, 'Goal', 71, 20, 32);
INSERT INTO MatchEvents (Id, EventType, PlayerId, MatchId, Minute) VALUES (47, 'Goal', 72, 20, 68);
INSERT INTO MatchEvents (Id, EventType, PlayerId, MatchId, Minute) VALUES (48, 'Goal', 71, 20, 71);
INSERT INTO MatchEvents (Id, EventType, PlayerId, MatchId, Minute) VALUES (49, 'Goal', 81, 21, 23);
INSERT INTO MatchEvents (Id, EventType, PlayerId, MatchId, Minute) VALUES (50, 'Goal', 72, 22, 61);
INSERT INTO MatchEvents (Id, EventType, PlayerId, MatchId, Minute) VALUES (51, 'Goal', 88, 22, 68);
INSERT INTO MatchEvents (Id, EventType, PlayerId, MatchId, Minute) VALUES (52, 'Goal', 72, 22, 86);
INSERT INTO MatchEvents (Id, EventType, PlayerId, MatchId, Minute) VALUES (53, 'Goal', 82, 23, 60);
INSERT INTO MatchEvents (Id, EventType, PlayerId, MatchId, Minute) VALUES (54, 'Goal', 86, 24, 58);
INSERT INTO MatchEvents (Id, EventType, PlayerId, MatchId, Minute) VALUES (55, 'Goal', 104, 25, 33);
INSERT INTO MatchEvents (Id, EventType, PlayerId, MatchId, Minute) VALUES (56, 'Goal', 91, 25, 75);
INSERT INTO MatchEvents (Id, EventType, PlayerId, MatchId, Minute) VALUES (57, 'Goal', 90, 25, 83);
INSERT INTO MatchEvents (Id, EventType, PlayerId, MatchId, Minute) VALUES (58, 'Goal', 96, 26, 11);
INSERT INTO MatchEvents (Id, EventType, PlayerId, MatchId, Minute) VALUES (59, 'Goal', 97, 26, 21);
INSERT INTO MatchEvents (Id, EventType, PlayerId, MatchId, Minute) VALUES (60, 'Goal', 98, 26, 31);
INSERT INTO MatchEvents (Id, EventType, PlayerId, MatchId, Minute) VALUES (61, 'Goal', 98, 26, 54);
INSERT INTO MatchEvents (Id, EventType, PlayerId, MatchId, Minute) VALUES (62, 'Goal', 99, 26, 74);
INSERT INTO MatchEvents (Id, EventType, PlayerId, MatchId, Minute) VALUES (63, 'Goal', 101, 26, 90);
INSERT INTO MatchEvents (Id, EventType, PlayerId, MatchId, Minute) VALUES (64, 'Goal', 100, 26, 90);
INSERT INTO MatchEvents (Id, EventType, PlayerId, MatchId, Minute) VALUES (65, 'Goal', 109, 27, 81);
INSERT INTO MatchEvents (Id, EventType, PlayerId, MatchId, Minute) VALUES (66, 'Goal', 100, 28, 62);
INSERT INTO MatchEvents (Id, EventType, PlayerId, MatchId, Minute) VALUES (67, 'Goal', 105, 28, 83);
INSERT INTO MatchEvents (Id, EventType, PlayerId, MatchId, Minute) VALUES (68, 'Goal', 100, 29, 11);
INSERT INTO MatchEvents (Id, EventType, PlayerId, MatchId, Minute) VALUES (69, 'Goal', 91, 29, 48);
INSERT INTO MatchEvents (Id, EventType, PlayerId, MatchId, Minute) VALUES (70, 'Goal', 92, 29, 51);
INSERT INTO MatchEvents (Id, EventType, PlayerId, MatchId, Minute) VALUES (71, 'Goal', 106, 30, 10);
INSERT INTO MatchEvents (Id, EventType, PlayerId, MatchId, Minute) VALUES (72, 'Goal', 110, 30, 58);
INSERT INTO MatchEvents (Id, EventType, PlayerId, MatchId, Minute) VALUES (73, 'Goal', 111, 30, 70);
INSERT INTO MatchEvents (Id, EventType, PlayerId, MatchId, Minute) VALUES (74, 'Goal', 107, 30, 73);
INSERT INTO MatchEvents (Id, EventType, PlayerId, MatchId, Minute) VALUES (75, 'Goal', 107, 30, 85);
INSERT INTO MatchEvents (Id, EventType, PlayerId, MatchId, Minute) VALUES (76, 'Goal', 105, 30, 89);
INSERT INTO MatchEvents (Id, EventType, PlayerId, MatchId, Minute) VALUES (77, 'Goal', 137, 32, 44);
INSERT INTO MatchEvents (Id, EventType, PlayerId, MatchId, Minute) VALUES (78, 'Goal', 112, 33, 39);
INSERT INTO MatchEvents (Id, EventType, PlayerId, MatchId, Minute) VALUES (79, 'Goal', 113, 33, 82);
INSERT INTO MatchEvents (Id, EventType, PlayerId, MatchId, Minute) VALUES (80, 'Goal', 139, 34, 2);
INSERT INTO MatchEvents (Id, EventType, PlayerId, MatchId, Minute) VALUES (81, 'Goal', 124, 34, 36);
INSERT INTO MatchEvents (Id, EventType, PlayerId, MatchId, Minute) VALUES (82, 'Goal', 123, 34, 44);
INSERT INTO MatchEvents (Id, EventType, PlayerId, MatchId, Minute) VALUES (83, 'Goal', 124, 34, 70);
INSERT INTO MatchEvents (Id, EventType, PlayerId, MatchId, Minute) VALUES (84, 'Goal', 125, 34, 90);
INSERT INTO MatchEvents (Id, EventType, PlayerId, MatchId, Minute) VALUES (85, 'Goal', 116, 36, 4);
INSERT INTO MatchEvents (Id, EventType, PlayerId, MatchId, Minute) VALUES (86, 'Goal', 115 , 36, 23);
INSERT INTO MatchEvents (Id, EventType, PlayerId, MatchId, Minute) VALUES (87, 'Own goal', 121, 36, 40);
INSERT INTO MatchEvents (Id, EventType, PlayerId, MatchId, Minute) VALUES (88, 'Goal', 150, 37, 48);
INSERT INTO MatchEvents (Id, EventType, PlayerId, MatchId, Minute) VALUES (89, 'Goal', 141, 38, 62);
INSERT INTO MatchEvents (Id, EventType, PlayerId, MatchId, Minute) VALUES (90, 'Goal', 141, 38, 73);
INSERT INTO MatchEvents (Id, EventType, PlayerId, MatchId, Minute) VALUES (91, 'Goal', 158, 39, 29);
INSERT INTO MatchEvents (Id, EventType, PlayerId, MatchId, Minute) VALUES (92, 'Goal', 161, 39, 46);
INSERT INTO MatchEvents (Id, EventType, PlayerId, MatchId, Minute) VALUES (93, 'Goal', 162, 39, 48);
INSERT INTO MatchEvents (Id, EventType, PlayerId, MatchId, Minute) VALUES (94, 'Goal', 163, 39, 53);
INSERT INTO MatchEvents (Id, EventType, PlayerId, MatchId, Minute) VALUES (95, 'Goal', 159, 39, 63);
INSERT INTO MatchEvents (Id, EventType, PlayerId, MatchId, Minute) VALUES (96, 'Goal', 157, 39, 66);
INSERT INTO MatchEvents (Id, EventType, PlayerId, MatchId, Minute) VALUES (97, 'Goal', 142, 40, 83);
INSERT INTO MatchEvents (Id, EventType, PlayerId, MatchId, Minute) VALUES (98, 'Goal', 152, 41, 20);
INSERT INTO MatchEvents (Id, EventType, PlayerId, MatchId, Minute) VALUES (99, 'Goal', 163, 41, 26);
INSERT INTO MatchEvents (Id, EventType, PlayerId, MatchId, Minute) VALUES (100, 'Goal', 164, 41, 35);
INSERT INTO MatchEvents (Id, EventType, PlayerId, MatchId, Minute) VALUES (101, 'Goal', 150, 41, 44);
INSERT INTO MatchEvents (Id, EventType, PlayerId, MatchId, Minute) VALUES (102, 'Goal', 153, 41, 48);
INSERT INTO MatchEvents (Id, EventType, PlayerId, MatchId, Minute) VALUES (103, 'Goal', 159, 42, 90);
INSERT INTO MatchEvents (Id, EventType, PlayerId, MatchId, Minute) VALUES (104, 'Goal', 167, 44, 65);
INSERT INTO MatchEvents (Id, EventType, PlayerId, MatchId, Minute) VALUES (105, 'Goal', 185, 44, 73);
INSERT INTO MatchEvents (Id, EventType, PlayerId, MatchId, Minute) VALUES (106, 'Goal', 166, 44, 78);
INSERT INTO MatchEvents (Id, EventType, PlayerId, MatchId, Minute) VALUES (107, 'Goal', 168, 44, 80);
INSERT INTO MatchEvents (Id, EventType, PlayerId, MatchId, Minute) VALUES (108, 'Goal', 186, 44, 89);
INSERT INTO MatchEvents (Id, EventType, PlayerId, MatchId, Minute) VALUES (109, 'Goal', 188, 45, 24);
INSERT INTO MatchEvents (Id, EventType, PlayerId, MatchId, Minute) VALUES (110, 'Goal', 187, 45, 34);
INSERT INTO MatchEvents (Id, EventType, PlayerId, MatchId, Minute) VALUES (111, 'Goal', 175, 45, 58);
INSERT INTO MatchEvents (Id, EventType, PlayerId, MatchId, Minute) VALUES (112, 'Goal', 175, 45, 61);
INSERT INTO MatchEvents (Id, EventType, PlayerId, MatchId, Minute) VALUES (113, 'Goal', 187, 45, 68);
INSERT INTO MatchEvents (Id, EventType, PlayerId, MatchId, Minute) VALUES (114, 'Goal', 169, 46, 54);
INSERT INTO MatchEvents (Id, EventType, PlayerId, MatchId, Minute) VALUES (115, 'Goal', 169, 46, 90);
INSERT INTO MatchEvents (Id, EventType, PlayerId, MatchId, Minute) VALUES (116, 'Goal', 183, 47, 26);
INSERT INTO MatchEvents (Id, EventType, PlayerId, MatchId, Minute) VALUES (117, 'Goal', 183, 47, 32);
INSERT INTO MatchEvents (Id, EventType, PlayerId, MatchId, Minute) VALUES (118, 'Goal', 170, 48, 5);
INSERT INTO MatchEvents (Id, EventType, PlayerId, MatchId, Minute) VALUES (119, 'Goal', 176, 48, 27);
INSERT INTO MatchEvents (Id, EventType, PlayerId, MatchId, Minute) VALUES (120, 'Goal', 177, 48, 90);
INSERT INTO MatchEvents (Id, EventType, PlayerId, MatchId, Minute) VALUES (121, 'Goal', 4, 49, 10);
INSERT INTO MatchEvents (Id, EventType, PlayerId, MatchId, Minute) VALUES (122, 'Goal', 6, 49, 45);
INSERT INTO MatchEvents (Id, EventType, PlayerId, MatchId, Minute) VALUES (123, 'Yellow Card', 12, 49, 60);
INSERT INTO MatchEvents (Id, EventType, PlayerId, MatchId, Minute) VALUES (124, 'Goal', 37, 49, 76);
INSERT INTO MatchEvents (Id, EventType, PlayerId, MatchId, Minute) VALUES (125, 'Goal', 5, 49, 81);
INSERT INTO MatchEvents (Id, EventType, PlayerId, MatchId, Minute) VALUES (126, 'Yellow Card', 3, 49, 87);
INSERT INTO MatchEvents (Id, EventType, PlayerId, MatchId, Minute) VALUES (127, 'Yellow Card', 84, 50, 15);
INSERT INTO MatchEvents (Id, EventType, PlayerId, MatchId, Minute) VALUES (128, 'Goal', 45, 50, 35);
INSERT INTO MatchEvents (Id, EventType, PlayerId, MatchId, Minute) VALUES (129, 'Goal', 47, 50, 57);
INSERT INTO MatchEvents (Id, EventType, PlayerId, MatchId, Minute) VALUES (130, 'Own Goal', 46, 50, 77);
INSERT INTO MatchEvents (Id, EventType, PlayerId, MatchId, Minute) VALUES (131, 'Yellow Card', 74, 51, 31);
INSERT INTO MatchEvents (Id, EventType, PlayerId, MatchId, Minute) VALUES (132, 'Goal', 71, 51, 44);
INSERT INTO MatchEvents (Id, EventType, PlayerId, MatchId, Minute) VALUES (133, 'Yellow Card', 62, 51, 47);
INSERT INTO MatchEvents (Id, EventType, PlayerId, MatchId, Minute) VALUES (134, 'Goal', 72, 51, 74);
INSERT INTO MatchEvents (Id, EventType, PlayerId, MatchId, Minute) VALUES (135, 'Yellow Card', 63, 51, 88);
INSERT INTO MatchEvents (Id, EventType, PlayerId, MatchId, Minute) VALUES (136, 'Goal', 72, 51, 90);
INSERT INTO MatchEvents (Id, EventType, PlayerId, MatchId, Minute) VALUES (137, 'Goal', 60, 51, 90);
INSERT INTO MatchEvents (Id, EventType, PlayerId, MatchId, Minute) VALUES (138, 'Goal', 31, 52, 39);
INSERT INTO MatchEvents (Id, EventType, PlayerId, MatchId, Minute) VALUES (139, 'Goal', 32, 52, 45);
INSERT INTO MatchEvents (Id, EventType, PlayerId, MatchId, Minute) VALUES (140, 'Goal', 26, 52, 57);
INSERT INTO MatchEvents (Id, EventType, PlayerId, MatchId, Minute) VALUES (141, 'Yellow Card', 18, 52, 76);
INSERT INTO MatchEvents (Id, EventType, PlayerId, MatchId, Minute) VALUES (142, 'Goal', 94, 53, 43);
INSERT INTO MatchEvents (Id, EventType, PlayerId, MatchId, Minute) VALUES (143, 'Goal', 126, 53, 55);
INSERT INTO MatchEvents (Id, EventType, PlayerId, MatchId, Minute) VALUES (144, 'Yellow Card', 127, 53, 90);
INSERT INTO MatchEvents (Id, EventType, PlayerId, MatchId, Minute) VALUES (145, 'Yellow Card', 128, 53, 116);
INSERT INTO MatchEvents (Id, EventType, PlayerId, MatchId, Minute) VALUES (146, 'Goal', 130, 53, 120);
INSERT INTO MatchEvents (Id, EventType, PlayerId, MatchId, Minute) VALUES (147, 'Goal', 129, 53, 120);
INSERT INTO MatchEvents (Id, EventType, PlayerId, MatchId, Minute) VALUES (148, 'Goal', 90, 53, 120);
INSERT INTO MatchEvents (Id, EventType, PlayerId, MatchId, Minute) VALUES (149, 'Goal', 131, 53, 120);
INSERT INTO MatchEvents (Id, EventType, PlayerId, MatchId, Minute) VALUES (150, 'Goal', 143, 54, 7);
INSERT INTO MatchEvents (Id, EventType, PlayerId, MatchId, Minute) VALUES (151, 'Goal', 144, 54, 13);
INSERT INTO MatchEvents (Id, EventType, PlayerId, MatchId, Minute) VALUES (152, 'Goal', 141, 54, 29);
INSERT INTO MatchEvents (Id, EventType, PlayerId, MatchId, Minute) VALUES (153, 'Goal', 145, 54, 36);
INSERT INTO MatchEvents (Id, EventType, PlayerId, MatchId, Minute) VALUES (154, 'Yellow Card', 178, 54, 44);
INSERT INTO MatchEvents (Id, EventType, PlayerId, MatchId, Minute) VALUES (155, 'Goal', 179, 54, 74);
INSERT INTO MatchEvents (Id, EventType, PlayerId, MatchId, Minute) VALUES (156, 'Yellow Card', 102, 55, 76);
INSERT INTO MatchEvents (Id, EventType, PlayerId, MatchId, Minute) VALUES (157, 'Yellow Card', 112, 55, 90);
INSERT INTO MatchEvents (Id, EventType, PlayerId, MatchId, Minute) VALUES (158, 'Goal', 118, 55, 120);
INSERT INTO MatchEvents (Id, EventType, PlayerId, MatchId, Minute) VALUES (159, 'Goal', 116, 55, 120);
INSERT INTO MatchEvents (Id, EventType, PlayerId, MatchId, Minute) VALUES (160, 'Goal', 117, 55, 120);
INSERT INTO MatchEvents (Id, EventType, PlayerId, MatchId, Minute) VALUES (161, 'Goal', 171, 56, 17);
INSERT INTO MatchEvents (Id, EventType, PlayerId, MatchId, Minute) VALUES (162, 'Goal', 173, 56, 33);
INSERT INTO MatchEvents (Id, EventType, PlayerId, MatchId, Minute) VALUES (163, 'Yellow Card', 155, 56, 43);
INSERT INTO MatchEvents (Id, EventType, PlayerId, MatchId, Minute) VALUES (164, 'Goal', 171, 56, 51);
INSERT INTO MatchEvents (Id, EventType, PlayerId, MatchId, Minute) VALUES (165, 'Goal', 172, 56, 55);
INSERT INTO MatchEvents (Id, EventType, PlayerId, MatchId, Minute) VALUES (166, 'Goal', 154, 56, 58);
INSERT INTO MatchEvents (Id, EventType, PlayerId, MatchId, Minute) VALUES (167, 'Yellow Card', 155, 56, 59);
INSERT INTO MatchEvents (Id, EventType, PlayerId, MatchId, Minute) VALUES (168, 'Goal', 171, 56, 67);
INSERT INTO MatchEvents (Id, EventType, PlayerId, MatchId, Minute) VALUES (169, 'Goal', 168, 56, 90);
INSERT INTO MatchEvents (Id, EventType, PlayerId, MatchId, Minute) VALUES (170, 'Yellow Card', 147, 57, 25);
INSERT INTO MatchEvents (Id, EventType, PlayerId, MatchId, Minute) VALUES (171, 'Yellow Card', 129, 57, 31);
INSERT INTO MatchEvents (Id, EventType, PlayerId, MatchId, Minute) VALUES (172, 'Yellow Card', 142, 57, 68);
INSERT INTO MatchEvents (Id, EventType, PlayerId, MatchId, Minute) VALUES (173, 'Yellow Card', 146, 57, 77);
INSERT INTO MatchEvents (Id, EventType, PlayerId, MatchId, Minute) VALUES (174, 'Goal', 144, 57, 105);
INSERT INTO MatchEvents (Id, EventType, PlayerId, MatchId, Minute) VALUES (175, 'Goal', 132, 57, 117);
INSERT INTO MatchEvents (Id, EventType, PlayerId, MatchId, Minute) VALUES (176, 'Yellow Card', 132, 57, 117);
INSERT INTO MatchEvents (Id, EventType, PlayerId, MatchId, Minute) VALUES (177, 'Goal', 130, 57, 120);
INSERT INTO MatchEvents (Id, EventType, PlayerId, MatchId, Minute) VALUES (178, 'Goal', 125, 57, 120);
INSERT INTO MatchEvents (Id, EventType, PlayerId, MatchId, Minute) VALUES (179, 'Goal', 142, 57, 120);
INSERT INTO MatchEvents (Id, EventType, PlayerId, MatchId, Minute) VALUES (180, 'Goal', 133, 57, 120);
INSERT INTO MatchEvents (Id, EventType, PlayerId, MatchId, Minute) VALUES (181, 'Goal', 148, 57, 120);
INSERT INTO MatchEvents (Id, EventType, PlayerId, MatchId, Minute) VALUES (182, 'Goal', 134, 57, 120);
INSERT INTO MatchEvents (Id, EventType, PlayerId, MatchId, Minute) VALUES (183, 'Goal', 53, 58, 35);
INSERT INTO MatchEvents (Id, EventType, PlayerId, MatchId, Minute) VALUES (184, 'Yellow Card', 8, 58, 43);
INSERT INTO MatchEvents (Id, EventType, PlayerId, MatchId, Minute) VALUES (185, 'Yellow Card', 49, 58, 43);
INSERT INTO MatchEvents (Id, EventType, PlayerId, MatchId, Minute) VALUES (186, 'Yellow Card', 52, 58, 45);
INSERT INTO MatchEvents (Id, EventType, PlayerId, MatchId, Minute) VALUES (187, 'Yellow Card', 10, 58, 45);
INSERT INTO MatchEvents (Id, EventType, PlayerId, MatchId, Minute) VALUES (188, 'Goal', 45, 58, 73);
INSERT INTO MatchEvents (Id, EventType, PlayerId, MatchId, Minute) VALUES (189, 'Yellow Card', 4, 58, 76);
INSERT INTO MatchEvents (Id, EventType, PlayerId, MatchId, Minute) VALUES (190, 'Yellow Card', 50, 58, 76);
INSERT INTO MatchEvents (Id, EventType, PlayerId, MatchId, Minute) VALUES (191, 'Goal', 10, 58, 83);
INSERT INTO MatchEvents (Id, EventType, PlayerId, MatchId, Minute) VALUES (192, 'Yellow Card', 9, 58, 88);
INSERT INTO MatchEvents (Id, EventType, PlayerId, MatchId, Minute) VALUES (193, 'Yellow Card', 55, 58, 89);
INSERT INTO MatchEvents (Id, EventType, PlayerId, MatchId, Minute) VALUES (194, 'Yellow Card', 45, 58, 90);
INSERT INTO MatchEvents (Id, EventType, PlayerId, MatchId, Minute) VALUES (195, 'Goal', 10, 58, 90);
INSERT INTO MatchEvents (Id, EventType, PlayerId, MatchId, Minute) VALUES (196, 'Yellow Card', 51, 58, 90);
INSERT INTO MatchEvents (Id, EventType, PlayerId, MatchId, Minute) VALUES (197, 'Yellow Card', 9, 58, 90);
INSERT INTO MatchEvents (Id, EventType, PlayerId, MatchId, Minute) VALUES (198, 'Yellow Card', 56, 58, 109);
INSERT INTO MatchEvents (Id, EventType, PlayerId, MatchId, Minute) VALUES (199, 'Yellow Card', 53, 58, 112);
INSERT INTO MatchEvents (Id, EventType, PlayerId, MatchId, Minute) VALUES (200, 'Yellow Card', 12, 58, 120);
INSERT INTO MatchEvents (Id, EventType, PlayerId, MatchId, Minute) VALUES (201, 'Red Card', 5, 58, 120);
INSERT INTO MatchEvents (Id, EventType, PlayerId, MatchId, Minute) VALUES (202, 'Goal', 45, 58, 120);
INSERT INTO MatchEvents (Id, EventType, PlayerId, MatchId, Minute) VALUES (203, 'Goal', 55, 58, 120);
INSERT INTO MatchEvents (Id, EventType, PlayerId, MatchId, Minute) VALUES (204, 'Goal', 12, 58, 120);
INSERT INTO MatchEvents (Id, EventType, PlayerId, MatchId, Minute) VALUES (205, 'Goal', 56, 58, 120);
INSERT INTO MatchEvents (Id, EventType, PlayerId, MatchId, Minute) VALUES (206, 'Goal', 10, 58, 120);
INSERT INTO MatchEvents (Id, EventType, PlayerId, MatchId, Minute) VALUES (207, 'Goal', 11, 58, 120);
INSERT INTO MatchEvents (Id, EventType, PlayerId, MatchId, Minute) VALUES (208, 'Goal', 54, 58, 120);
INSERT INTO MatchEvents (Id, EventType, PlayerId, MatchId, Minute) VALUES (209, 'Goal', 115, 59, 42);
INSERT INTO MatchEvents (Id, EventType, PlayerId, MatchId, Minute) VALUES (210, 'Yellow Card', 120, 59, 70);
INSERT INTO MatchEvents (Id, EventType, PlayerId, MatchId, Minute) VALUES (211, 'Yellow Card', 166, 59, 87);
INSERT INTO MatchEvents (Id, EventType, PlayerId, MatchId, Minute) VALUES (212, 'Red Card', 119, 59, 90);
INSERT INTO MatchEvents (Id, EventType, PlayerId, MatchId, Minute) VALUES (213, 'Goal', 74, 60, 17);
INSERT INTO MatchEvents (Id, EventType, PlayerId, MatchId, Minute) VALUES (214, 'Yellow Card', 75, 60, 43);
INSERT INTO MatchEvents (Id, EventType, PlayerId, MatchId, Minute) VALUES (215, 'Yellow Card', 76, 60, 46);
INSERT INTO MatchEvents (Id, EventType, PlayerId, MatchId, Minute) VALUES (216, 'Goal', 32, 60, 54);
INSERT INTO MatchEvents (Id, EventType, PlayerId, MatchId, Minute) VALUES (217, 'Goal', 71, 60, 78);
INSERT INTO MatchEvents (Id, EventType, PlayerId, MatchId, Minute) VALUES (218, 'Yellow Card', 77, 60, 82);
INSERT INTO MatchEvents (Id, EventType, PlayerId, MatchId, Minute) VALUES (219, 'Yellow Card', 33, 60, 90);
INSERT INTO MatchEvents (Id, EventType, PlayerId, MatchId, Minute) VALUES (220, 'Yellow Card', 122, 61, 32);
INSERT INTO MatchEvents (Id, EventType, PlayerId, MatchId, Minute) VALUES (221, 'Yellow Card', 127, 61, 32);
INSERT INTO MatchEvents (Id, EventType, PlayerId, MatchId, Minute) VALUES (222, 'Goal', 45, 61, 34);
INSERT INTO MatchEvents (Id, EventType, PlayerId, MatchId, Minute) VALUES (223, 'Goal', 47, 61, 39);
INSERT INTO MatchEvents (Id, EventType, PlayerId, MatchId, Minute) VALUES (224, 'Yellow Card', 52, 61, 68);
INSERT INTO MatchEvents (Id, EventType, PlayerId, MatchId, Minute) VALUES (225, 'Goal', 47, 61, 69);
INSERT INTO MatchEvents (Id, EventType, PlayerId, MatchId, Minute) VALUES (226, 'Yellow Card', 51, 61, 71);
INSERT INTO MatchEvents (Id, EventType, PlayerId, MatchId, Minute) VALUES (227, 'Goal', 77, 62, 5);
INSERT INTO MatchEvents (Id, EventType, PlayerId, MatchId, Minute) VALUES (228, 'Yellow Card', 119, 62, 27);
INSERT INTO MatchEvents (Id, EventType, PlayerId, MatchId, Minute) VALUES (229, 'Goal', 78, 62, 79);
INSERT INTO MatchEvents (Id, EventType, PlayerId, MatchId, Minute) VALUES (230, 'Goal', 135, 63, 7);
INSERT INTO MatchEvents (Id, EventType, PlayerId, MatchId, Minute) VALUES (231, 'Goal', 120, 63, 9);
INSERT INTO MatchEvents (Id, EventType, PlayerId, MatchId, Minute) VALUES (232, 'Goal', 134, 63, 42);
INSERT INTO MatchEvents (Id, EventType, PlayerId, MatchId, Minute) VALUES (233, 'Yellow Card', 113, 63, 84);
INSERT INTO MatchEvents (Id, EventType, PlayerId, MatchId, Minute) VALUES (234, 'Yellow Card', 114, 63, 69);
INSERT INTO MatchEvents (Id, EventType, PlayerId, MatchId, Minute) VALUES (235, 'Goal', 45, 64, 23);
INSERT INTO MatchEvents (Id, EventType, PlayerId, MatchId, Minute) VALUES (236, 'Goal', 57, 64, 36);
INSERT INTO MatchEvents (Id, EventType, PlayerId, MatchId, Minute) VALUES (237, 'Yellow Card', 46, 64, 45);
INSERT INTO MatchEvents (Id, EventType, PlayerId, MatchId, Minute) VALUES (238, 'Yellow Card', 73, 64, 55);
INSERT INTO MatchEvents (Id, EventType, PlayerId, MatchId, Minute) VALUES (239, 'Goal', 72, 64, 80);
INSERT INTO MatchEvents (Id, EventType, PlayerId, MatchId, Minute) VALUES (240, 'Goal', 72, 64, 81);
INSERT INTO MatchEvents (Id, EventType, PlayerId, MatchId, Minute) VALUES (241, 'Yellow Card', 75, 64, 87);
INSERT INTO MatchEvents (Id, EventType, PlayerId, MatchId, Minute) VALUES (242, 'Yellow Card', 49, 64, 90);
INSERT INTO MatchEvents (Id, EventType, PlayerId, MatchId, Minute) VALUES (243, 'Goal', 45, 64, 108);
INSERT INTO MatchEvents (Id, EventType, PlayerId, MatchId, Minute) VALUES (244, 'Yellow Card', 55, 64, 114);
INSERT INTO MatchEvents (Id, EventType, PlayerId, MatchId, Minute) VALUES (245, 'Yellow Card', 56, 64, 116);
INSERT INTO MatchEvents (Id, EventType, PlayerId, MatchId, Minute) VALUES (246, 'Goal', 72, 64, 118);
INSERT INTO MatchEvents (Id, EventType, PlayerId, MatchId, Minute) VALUES (247, 'Yellow Card', 44, 64, 120);
INSERT INTO MatchEvents (Id, EventType, PlayerId, MatchId, Minute) VALUES (248, 'Goal', 72, 64, 120);
INSERT INTO MatchEvents (Id, EventType, PlayerId, MatchId, Minute) VALUES (249, 'Goal', 45, 64, 120);
INSERT INTO MatchEvents (Id, EventType, PlayerId, MatchId, Minute) VALUES (250, 'Goal', 58, 64, 120);
INSERT INTO MatchEvents (Id, EventType, PlayerId, MatchId, Minute) VALUES (251, 'Goal', 55, 64, 120);
INSERT INTO MatchEvents (Id, EventType, PlayerId, MatchId, Minute) VALUES (252, 'Goal', 78, 64, 120);
INSERT INTO MatchEvents (Id, EventType, PlayerId, MatchId, Minute) VALUES (253, 'Goal', 56, 64, 120);
# 253 records